,phrases,total,count_ https://lasergolfrangefinder.com/,count_ https://www.amazon.com/Golf-Range-Finders/b?ie=UTF8&node=3411111
47,"('golf', 'rangefinder')",42,0,1
1792,"('golf', 'rangefinder', 'golf')",13,1,1
266,"('best', 'golf', 'rangefinder')",12,0,1
502,"('rangefinder', 'golf', 'rangefinder')",11,1,1
41,"('best', 'golf')",11,0,1
155,"('price', 'reviews')",10,0,1
1794,"('golf', 'rangefinder', 'rangefinder')",9,1,0
254,"('golf', 'golf', 'rangefinder')",9,0,1
1163,"('golf', 'rangefinders')",9,0,1
143,"('slope', 'technology')",8,0,1
165,"('range', 'yards')",7,1,0
479,"('make', 'easy')",7,0,1
1044,"('range', 'yards', 'magnification')",7,1,0
117,"('range', 'finders')",6,1,0
115,"('golf', 'range')",6,2,1
63,"('laser', 'rangefinder')",6,1,0
1668,"('golf', 'rangefinder', 'reviews')",6,1,0
55,"('bushnell', 'tour')",6,1,1
213,"('target', 'priority')",6,1,0
519,"('tournament', 'legal')",5,1,0
976,"('rating', 'price', 'reviews')",5,1,1
964,"('approvededitor', 'rating', 'price')",5,1,1
966,"('approvededitor', 'rating', 'reviews')",5,1,0
211,"('first', 'target')",5,4,1
449,"('many', 'golfers')",5,0,1
79,"('rangefinder', 'best')",5,2,1
227,"('slope', 'switch')",5,0,1
970,"('approvededitor', 'price', 'reviews')",5,1,1
1765,"('nikon', 'coolshot')",5,1,1
245,"('rangefinder', 'reviews')",5,0,1
1796,"('golf', 'rangefinder', 'help')",5,0,1
175,"('pinseeker', 'jolt')",5,6,1
487,"('amazon', 'price')",5,1,1
1595,"('slope', 'compensation')",5,0,1
489,"('reviews', 'picsfeatures')",5,1,0
153,"('rating', 'price')",5,1,0
1392,"('first', 'target', 'priority')",5,1,0
263,"('rangefinder', 'golf')",5,0,1
151,"('approvededitor', 'rating')",5,1,1
1054,"('yards', 'flagx', 'magnification')",4,1,1
1714,"('shouldn', 'golf', 'rangefinder')",4,1,1
278,"('golf', 'rangefinder', 'rating')",4,0,1
61,"('golf', 'laser')",4,11,1
167,"('yards', 'yards')",4,0,1
1491,"('stable', 'grip')",4,1,0
264,"('golf', 'rangefinder', 'slope')",4,1,0
141,"('adaptive', 'slope')",4,1,0
1251,"('device', 'also')",4,1,0
1207,"('fast', 'focus')",4,1,1
904,"('adaptive', 'slope', 'technology')",4,1,1
244,"('best', 'golf', 'golf')",4,1,1
1784,"('what', 'golf', 'rangefinder')",4,0,1
405,"('accurate', 'measurements')",4,3,0
1153,"('inclement', 'weather')",4,1,1
256,"('golf', 'best', 'golf')",4,2,1
1042,"('range', 'yards', 'flagx')",4,1,1
369,"('golf', 'equipment')",4,2,0
596,"('golf', 'rangefinder', 'ideal')",4,0,1
457,"('free', 'battery')",4,1,1
969,"('this', 'device')",4,1,0
496,"('rangefinder', 'best', 'golf')",4,1,1
1189,"('locate', 'flag')",3,1,1
898,"('magnification', 'slope', 'technology')",3,1,1
370,"('golf', 'laser', 'rangefinder')",3,1,1
1556,"('pinseeker', 'jolt', 'technology')",3,0,1
491,"('picsfeatures', 'specifications')",3,0,1
338,"('tour', 'jolt', 'golf')",3,0,2
915,"('include', 'first')",3,1,0
1064,"('yards', 'pinseeker', 'jolt')",3,0,1
129,"('precision', 'golf')",3,1,0
1597,"('compensation', 'feature')",3,2,1
1164,"('reviews', 'range', 'yards')",3,1,0
274,"('best', 'rangefinder', 'rating')",3,1,1
498,"('rangefinder', 'best', 'rangefinder')",3,2,0
1235,"('jolt', 'tech')",3,0,1
1702,"('should', 'shouldn', 'golf')",3,1,1
270,"('best', 'golf', 'rating')",3,1,0
1146,"('price', 'reviews', 'range')",3,2,0
265,"('rangefinder', 'help')",3,1,1
625,"('accuracy', 'yard')",3,1,1
1351,"('rangefinder', 'comes')",3,1,1
995,"('also', 'makes')",3,0,4
237,"('dual', 'display')",3,1,0
236,"('choose', 'best', 'golf')",3,0,1
233,"('jolt', 'technology')",3,0,1
376,"('golf', 'rangefinder', 'tour')",3,2,1
1832,"('help', 'golf', 'rangefinder')",3,0,1
49,"('rangefinder', 'slope')",3,1,1
1022,"('picsbushnell', 'range', 'yards')",3,0,5
1783,"('small', 'compact')",3,3,1
423,"('target', 'acquisition')",3,1,0
426,"('bushnell', 'golf', 'rangefinder')",3,1,0
425,"('acquisition', 'technology')",3,0,1
459,"('battery', 'replacement')",3,1,0
1519,"('rangefinder', 'bushnell')",2,1,1
261,"('what', 'golf')",2,1,0
560,"('this', 'list', 'golf')",2,0,9
1488,"('yards', 'flagx', 'slope')",2,1,0
1404,"('target', 'priority', 'technology')",2,1,0
1413,"('significant', 'advantage')",2,1,0
543,"('rangefinder', 'designed')",2,1,0
1490,"('yards', 'magnification', 'slope')",2,0,1
269,"('which', 'golf')",2,0,1
1493,"('grip', 'make')",2,0,1
273,"('choose', 'golf')",2,1,0
568,"('this', 'golf', 'rangefinder')",2,1,1
1495,"('easy', 'operate')",2,2,1
1625,"('sturdy', 'waterproof')",2,0,1
531,"('lock', 'onto')",2,1,0
280,"('golf', 'rangefinder', 'bushnell')",2,1,1
1309,"('distances', 'device')",2,1,1
510,"('best', 'rangefinder', 'money')",2,1,0
999,"('easy', 'carry')",2,1,0
815,"('best', 'thing')",2,0,2
437,"('also', 'magnification')",2,0,1
497,"('makes', 'best')",2,0,3
1611,"('also', 'slope')",2,1,0
258,"('golf', 'best', 'rangefinder')",2,1,0
255,"('some', 'famous')",2,1,0
1499,"('armored', 'housing')",2,0,1
1391,"('price', 'quite')",2,0,1
1665,"('slope', 'compensating')",2,1,0
1116,"('technologyusga', 'approvededitor', 'price')",2,1,0
1118,"('technologyusga', 'approvededitor', 'reviews')",2,0,1
591,"('might', 'seem')",2,1,0
1120,"('technologyusga', 'rating', 'price')",2,1,1
1122,"('technologyusga', 'rating', 'reviews')",2,1,0
1124,"('technologyusga', 'price', 'reviews')",2,0,1
1650,"('reviews', 'golf', 'rangefinder')",2,1,0
225,"('magnification', 'slope')",2,1,0
576,"('list', 'golf', 'rangefinder')",2,1,0
841,"('times', 'magnification')",2,1,1
229,"('switch', 'technology')",2,5,1
230,"('clubsgolf', 'choose', 'golf')",2,0,1
232,"('clubsgolf', 'best', 'golf')",2,10,1
1478,"('xmax', 'range', 'yards')",2,0,1
1484,"('xmax', 'yards', 'flagx')",2,0,1
240,"('choose', 'golf', 'golf')",2,1,0
242,"('choose', 'golf', 'best')",2,0,1
1271,"('yards', 'flag')",2,0,1
1353,"('comes', 'impressive')",2,2,0
246,"('best', 'golf', 'best')",2,1,0
249,"('should', 'shouldn')",2,1,0
250,"('golf', 'golf', 'best')",2,4,1
251,"('shouldn', 'golf')",2,0,1
1487,"('magnification', 'also')",2,0,1
294,"('rangefinder', 'rating', 'bushnell')",2,1,0
594,"('golf', 'rangefinder', 'features')",2,1,0
431,"('vibration', 'technology')",2,0,1
1520,"('slope', 'switch', 'technology')",2,0,1
1565,"('excessive', 'shaking')",2,0,1
488,"('vpro', 'rangefinder', 'rangefinder')",2,0,1
1203,"('slope', 'version')",2,1,0
764,"('range', 'finders', 'features')",2,0,3
486,"('vpro', 'rangefinder', 'golf')",2,2,0
359,"('slope', 'golf')",2,0,2
360,"('best', 'golf', 'laser')",2,2,0
1557,"('weather', 'conditions')",2,2,0
1473,"('best', 'features')",2,2,0
363,"('rangefindera', 'rangefinder')",2,2,0
1209,"('focus', 'system')",2,1,0
1114,"('technologyusga', 'approvededitor', 'rating')",2,1,1
1517,"('shopping', 'rangefinder')",2,0,1
484,"('vpro', 'rangefinder', 'best')",2,1,1
1213,"('this', 'rangefinder')",2,1,1
407,"('measurements', 'convenient')",2,0,1
1219,"('distances', 'anything')",2,1,1
481,"('easy', 'read')",2,1,1
1221,"('anything', 'yards')",2,1,0
745,"('options', 'choose')",2,2,1
742,"('these', 'range', 'finders')",2,2,1
1229,"('volt', 'battery')",2,0,1
1279,"('magnification', 'fast')",2,1,1
1239,"('pinseeker', 'technology')",2,1,0
401,"('always', 'confident')",2,0,29
1201,"('technology', 'slope')",2,1,1
490,"('vpro', 'best', 'golf')",2,1,1
1567,"('shaking', 'hands')",2,1,1
324,"('bushnell', 'tour', 'jolt')",2,1,0
298,"('rangefinder', 'bushnell', 'tour')",2,1,1
429,"('pulse', 'vibration')",2,1,0
495,"('what', 'makes')",2,1,0
494,"('vpro', 'golf', 'rangefinder')",2,0,1
1167,"('best', 'market')",2,1,0
303,"('value', 'game')",2,1,0
309,"('reliable', 'accurate')",2,1,0
493,"('specifications', 'what')",2,1,1
492,"('vpro', 'best', 'rangefinder')",2,2,0
316,"('rating', 'bushnell', 'best')",2,5,1
785,"('measurements', 'yards')",2,0,2
328,"('bushnell', 'tour', 'golf')",2,1,1
416,"('rating', 'best', 'golf')",2,0,1
1483,"('switch', 'tech')",2,1,1
1581,"('uses', 'stable')",2,4,0
332,"('bushnell', 'jolt', 'golf')",2,0,1
334,"('bushnell', 'best', 'golf')",2,1,1
1193,"('technology', 'make')",2,0,1
1474,"('picsbushnell', 'xmax', 'yards')",2,1,1
419,"('legal', 'tournaments')",2,0,3
1574,"('jolt', 'dual', 'display')",2,0,1
342,"('tour', 'best', 'golf')",2,1,0
345,"('every', 'golfer')",2,2,0
1570,"('jolt', 'technology', 'display')",2,1,1
451,"('golfers', 'love')",2,1,1
1165,"('rangefinders', 'best')",2,1,1
595,"('long', 'enough')",2,1,1
1786,"('what', 'golf', 'golf')",2,1,1
1050,"('yards', 'yards', 'magnification')",2,1,0
930,"('technology', 'water', 'approvededitor')",2,1,0
1048,"('yards', 'yards', 'flagx')",2,1,1
1788,"('what', 'rangefinder', 'golf')",2,1,0
157,"('reviews', 'picsbushnell')",2,1,1
1704,"('should', 'shouldn', 'rangefinder')",2,1,0
1818,"('rangefinder', 'help', 'golf')",2,1,0
933,"('distance', 'target')",2,1,0
53,"('rating', 'bushnell')",2,0,1
1046,"('range', 'flagx', 'magnification')",2,0,2
1052,"('yards', 'yards', 'pinseeker')",2,0,3
99,"('professional', 'player')",2,1,0
965,"('compact', 'lightweight')",2,0,24
57,"('tour', 'jolt')",2,1,0
169,"('yards', 'flagx')",2,1,1
988,"('price', 'reviews', 'picsbushnell')",2,1,1
171,"('flagx', 'magnification')",2,1,0
1820,"('rangefinder', 'help', 'rangefinder')",2,0,1
884,"('yardx', 'magnification', 'technology')",2,0,2
938,"('technology', 'approvededitor', 'rating')",2,0,2
968,"('approvededitor', 'rating', 'picsbushnell')",2,0,21
1708,"('should', 'golf', 'rangefinder')",2,1,1
1754,"('some', 'famous', 'golf')",2,0,1
1065,"('lightweight', 'compact')",2,1,0
1803,"('easy', 'handle')",2,1,0
1804,"('rangefinder', 'rangefinder', 'help')",2,2,1
974,"('approvededitor', 'reviews', 'picsbushnell')",2,0,3
978,"('rating', 'price', 'picsbushnell')",2,1,0
133,"('yard', 'range')",2,1,1
27,"('high', 'handicappers')",2,1,0
1808,"('rangefinder', 'help', 'which')",2,0,1
981,"('lightest', 'market')",2,1,0
982,"('rating', 'reviews', 'picsbushnell')",2,1,1
972,"('approvededitor', 'price', 'picsbushnell')",2,1,0
1078,"('magnification', 'pinseeker', 'jolt')",2,1,1
1814,"('golf', 'help', 'golf')",2,0,1
137,"('yardx', 'magnification')",2,0,1
1032,"('joltmax', 'range', 'yards')",2,1,0
902,"('magnification', 'technology', 'water')",2,0,2
1059,"('many', 'years')",2,1,0
1058,"('yards', 'magnification', 'pinseeker')",2,0,1
39,"('choose', 'best')",2,1,0
145,"('technology', 'water')",2,1,1
1056,"('yards', 'flagx', 'pinseeker')",2,1,0
173,"('magnification', 'pinseeker')",2,0,1
1801,"('rangefinder', 'easy')",2,2,1
1684,"('rangefinder', 'reviews', 'golf')",2,1,1
77,"('vpro', 'rangefinder')",2,0,1
1829,"('priority', 'mode')",2,0,1
193,"('pinsensor', 'technology')",2,3,1
868,"('range', 'yardx', 'magnification')",2,1,1
1827,"('features', 'include')",2,1,0
1779,"('rangefinder', 'accurate')",2,1,0
946,"('water', 'approvededitor', 'rating')",2,1,1
1026,"('tour', 'joltmax', 'yards')",2,1,0
8,"('rangefinder', 'golf', 'watchgolf')",2,0,1
1003,"('around', 'course')",2,1,1
87,"('this', 'list')",2,1,0
1004,"('reviews', 'picsbushnell', 'range')",2,0,4
1038,"('joltmax', 'yards', 'flagx')",2,1,0
195,"('water', 'resistant')",2,1,0
1774,"('brands', 'what', 'golf')",2,1,1
1028,"('tour', 'range', 'yards')",2,0,4
991,"('compact', 'design')",2,1,1
997,"('makes', 'easy')",2,1,1
1001,"('carry', 'around')",2,0,9
179,"('technologyusga', 'approvededitor')",2,0,1
81,"('rangefinder', 'money')",2,1,0
1040,"('range', 'yards', 'yards')",2,0,2
69,"('bushnell', 'best')",2,1,0
1286,"('bodyusga', 'approvededitor', 'rating')",1,0,1
1256,"('technology', 'water', 'bodyusga')",1,0,1
1281,"('focus', 'magnification')",1,1,0
1250,"('pinsensor', 'water', 'bodyusga')",1,0,1
1282,"('resistant', 'approvededitor', 'price')",1,1,1
1283,"('magnification', 'might')",1,0,1
1284,"('resistant', 'rating', 'price')",1,1,0
1285,"('seem', 'like')",1,1,1
1290,"('bodyusga', 'approvededitor', 'reviews')",1,1,0
1254,"('technology', 'water', 'resistant')",1,1,0
1287,"('like', 'much')",1,1,0
1031,"('designed', 'cushion')",1,0,4
1252,"('pinsensor', 'resistant', 'bodyusga')",1,1,1
1253,"('also', 'jolt')",1,0,2
1289,"('much', 'works')",1,0,1
1255,"('jolt', 'produce')",1,1,1
1280,"('resistant', 'approvededitor', 'rating')",1,0,1
1030,"('tour', 'yards', 'yards')",1,1,1
1029,"('casing', 'designed')",1,1,0
1288,"('bodyusga', 'approvededitor', 'price')",1,1,1
1016,"('picsbushnell', 'tour', 'yards')",1,0,6
1265,"('locks', 'range')",1,0,1
1276,"('resistant', 'bodyusga', 'rating')",1,1,1
1278,"('resistant', 'bodyusga', 'price')",1,1,0
1270,"('water', 'bodyusga', 'approvededitor')",1,1,1
1266,"('water', 'resistant', 'approvededitor')",1,1,0
1021,"('tough', 'material')",1,1,1
1264,"('water', 'resistant', 'bodyusga')",1,1,1
1020,"('picsbushnell', 'joltmax', 'yards')",1,1,0
1023,"('material', 'also')",1,1,0
1019,"('made', 'tough')",1,0,8
1263,"('rangefinder', 'locks')",1,1,0
1024,"('tour', 'joltmax', 'range')",1,1,1
1262,"('technology', 'bodyusga', 'approvededitor')",1,0,1
1291,"('works', 'fast')",1,1,1
1268,"('water', 'resistant', 'rating')",1,0,1
1269,"('measure', 'distances')",1,1,0
1025,"('also', 'padded')",1,0,5
1257,"('produce', 'vibration')",1,1,0
1261,"('bursts', 'rangefinder')",1,2,1
1260,"('technology', 'resistant', 'approvededitor')",1,1,0
1259,"('vibration', 'bursts')",1,0,1
1018,"('picsbushnell', 'joltmax', 'range')",1,1,1
1272,"('water', 'bodyusga', 'rating')",1,1,0
1273,"('flag', 'maintaining')",1,1,1
1258,"('technology', 'resistant', 'bodyusga')",1,1,1
1017,"('light', 'made')",1,1,0
1027,"('padded', 'casing')",1,1,1
1274,"('resistant', 'bodyusga', 'approvededitor')",1,0,1
1275,"('maintaining', 'accuracy')",1,1,0
1277,"('yard', 'times')",1,0,1
1267,"('range', 'measure')",1,1,1
1294,"('bodyusga', 'rating', 'reviews')",1,1,1
1015,"('although', 'light')",1,1,1
1339,"('extras', 'also')",1,1,1
1345,"('carry', 'case')",1,1,1
1344,"('picsnikon', 'yards', 'magnification')",1,1,0
1343,"('premium', 'carry')",1,0,1
1342,"('picsnikon', 'range', 'magnification')",1,1,1
1341,"('also', 'premium')",1,1,0
1005,"('course', 'also')",1,1,0
1340,"('picsnikon', 'range', 'yards')",1,0,1
1006,"('reviews', 'tour', 'joltmax')",1,1,1
1338,"('picsnikon', 'coolshot', 'magnification')",1,1,0
1347,"('case', 'transporting')",1,3,0
1337,"('device', 'extras')",1,0,1
1336,"('picsnikon', 'coolshot', 'yards')",1,1,1
1335,"('continued', 'device')",1,1,0
1334,"('picsnikon', 'coolshot', 'range')",1,0,1
1333,"('convenience', 'continued')",1,1,1
1332,"('reviews', 'coolshot', 'yards')",1,1,0
1331,"('ensure', 'convenience')",1,0,1
1330,"('reviews', 'coolshot', 'range')",1,1,1
1346,"('coolshot', 'range', 'yards')",1,0,1
1348,"('coolshot', 'range', 'magnification')",1,1,1
1014,"('picsbushnell', 'tour', 'range')",1,1,0
1360,"('range', 'yards', 'target')",1,1,1
1368,"('yards', 'magnification', 'first')",1,1,0
1367,"('design', 'make')",1,0,1
1366,"('range', 'first', 'target')",1,1,1
1365,"('design', 'lightweight')",1,1,0
1364,"('range', 'magnification', 'target')",1,0,1
1363,"('ergonomic', 'design')",1,1,1
1362,"('range', 'magnification', 'first')",1,1,0
1361,"('prosthe', 'ergonomic')",1,0,1
1359,"('warranty', 'prosthe')",1,1,0
1349,"('transporting', 'rangefinder')",1,0,1
1358,"('range', 'yards', 'first')",1,0,1
1357,"('year', 'warranty')",1,1,1
1356,"('coolshot', 'magnification', 'first')",1,4,0
1355,"('impressive', 'year')",1,0,1
1354,"('coolshot', 'yards', 'first')",1,1,1
1352,"('coolshot', 'yards', 'magnification')",1,0,1
1002,"('reviews', 'picsbushnell', 'joltmax')",1,1,0
1350,"('coolshot', 'range', 'first')",1,1,0
1329,"('rechargeable', 'ensure')",1,1,0
1328,"('reviews', 'picsnikon', 'yards')",1,0,1
1327,"('battery', 'rechargeable')",1,1,1
1298,"('approvededitor', 'rating', 'picsnikon')",1,0,1
1305,"('clearly', 'slope')",1,1,0
1304,"('rating', 'price', 'picsnikon')",1,0,1
1303,"('target', 'clearly')",1,1,1
1302,"('approvededitor', 'reviews', 'picsnikon')",1,2,0
1301,"('quickly', 'target')",1,0,1
1009,"('storing', 'sturdy')",1,1,1
1300,"('approvededitor', 'price', 'picsnikon')",1,1,1
1299,"('target', 'quickly')",1,1,0
1297,"('ensure', 'target')",1,1,1
1326,"('reviews', 'picsnikon', 'range')",1,2,0
1296,"('bodyusga', 'price', 'reviews')",1,1,0
1295,"('feature', 'ensure')",1,0,1
1293,"('focus', 'feature')",1,1,0
1292,"('bodyusga', 'rating', 'price')",1,0,1
1010,"('reviews', 'joltmax', 'range')",1,0,11
1011,"('sturdy', 'durable')",1,1,0
1012,"('picsbushnell', 'tour', 'joltmax')",1,1,1
1013,"('durable', 'although')",1,0,9
1306,"('rating', 'price', 'coolshot')",1,1,1
1307,"('version', 'distances')",1,0,1
1308,"('rating', 'reviews', 'picsnikon')",1,1,0
1008,"('reviews', 'tour', 'range')",1,1,0
1325,"('comes', 'volt')",1,0,1
1324,"('reviews', 'picsnikon', 'coolshot')",1,1,1
1323,"('battery', 'comes')",1,1,0
1322,"('price', 'coolshot', 'range')",1,0,1
1321,"('elevation', 'battery')",1,1,1
1320,"('price', 'picsnikon', 'range')",1,1,0
1319,"('compensate', 'elevation')",1,0,1
1318,"('price', 'picsnikon', 'coolshot')",1,1,1
1317,"('technology', 'compensate')",1,1,0
1316,"('price', 'reviews', 'coolshot')",1,0,1
1315,"('uses', 'slope')",1,1,1
1314,"('price', 'reviews', 'picsnikon')",1,1,0
1313,"('accurate', 'uses')",1,0,1
1312,"('rating', 'picsnikon', 'coolshot')",1,1,1
1311,"('device', 'accurate')",1,1,0
1310,"('rating', 'reviews', 'coolshot')",1,0,1
1007,"('also', 'storing')",1,0,11
1249,"('seeing', 'device')",1,1,1
1113,"('vpro', 'easy')",1,2,0
1248,"('pinsensor', 'water', 'resistant')",1,1,0
1247,"('without', 'seeing')",1,0,1
1081,"('shut', 'operation')",1,1,1
1152,"('price', 'rangefindermax', 'range')",1,1,0
1151,"('therefore', 'inclement')",1,0,1
1150,"('price', 'picsvpro', 'range')",1,1,1
1082,"('magnification', 'pinseeker', 'approvededitor')",1,0,1
1083,"('operation', 'single')",1,1,0
1149,"('downside', 'therefore')",1,1,0
1148,"('price', 'picsvpro', 'rangefindermax')",1,0,2
1084,"('magnification', 'jolt', 'technologyusga')",1,1,1
1085,"('single', 'button')",1,0,1
1147,"('coating', 'downside')",1,1,1
1086,"('magnification', 'jolt', 'approvededitor')",1,1,0
1087,"('button', 'adjustable')",1,1,1
1088,"('magnification', 'technologyusga', 'approvededitor')",1,0,1
1089,"('adjustable', 'control')",1,1,0
1145,"('resistant', 'coating')",1,0,4
1144,"('price', 'reviews', 'rangefindermax')",1,1,1
1143,"('lack', 'water')",1,1,0
1142,"('price', 'reviews', 'picsvpro')",1,0,4
1080,"('magnification', 'pinseeker', 'technologyusga')",1,1,0
1154,"('reviews', 'picsvpro', 'rangefindermax')",1,0,1
1155,"('weather', 'bushnell')",1,1,0
1166,"('picsvpro', 'rangefindermax', 'range')",1,0,1
1173,"('golfers', 'across')",1,1,0
1172,"('picsvpro', 'range', 'yards')",1,0,1
1171,"('thousands', 'golfers')",1,1,1
1170,"('picsvpro', 'rangefindermax', 'yardx')",1,1,0
1169,"('market', 'thousands')",1,0,1
1168,"('picsvpro', 'rangefindermax', 'yards')",1,1,1
1074,"('flagx', 'pinseeker', 'technologyusga')",1,1,0
1075,"('measurement', 'readouts')",1,1,1
1076,"('flagx', 'jolt', 'technologyusga')",1,0,1
1079,"('auto', 'shut')",1,0,4
1077,"('readouts', 'auto')",1,1,0
1162,"('reviews', 'rangefindermax', 'yards')",1,1,1
1161,"('rangefinderbushnell', 'golf')",1,1,0
1160,"('reviews', 'rangefindermax', 'range')",1,0,1
1159,"('golf', 'rangefinderbushnell')",1,1,1
1158,"('reviews', 'picsvpro', 'yards')",1,1,0
1157,"('jolt', 'golf')",1,0,1
1156,"('reviews', 'picsvpro', 'range')",1,1,1
1090,"('pinseeker', 'jolt', 'technologyusga')",1,1,1
1091,"('control', 'with')",1,0,1
1141,"('vpro', 'lack')",1,1,1
1106,"('jolt', 'technologyusga', 'price')",1,0,1
1130,"('approvededitor', 'reviews', 'picsvpro')",1,0,3
1129,"('suspend', 'shoulders')",1,1,1
1105,"('precision', 'resistant')",1,1,1
1128,"('approvededitor', 'price', 'picsvpro')",1,1,0
1127,"('attach', 'suspend')",1,0,1
1126,"('approvededitor', 'rating', 'picsvpro')",1,1,1
1125,"('straps', 'attach')",1,1,0
1123,"('transport', 'straps')",1,1,1
1121,"('storage', 'transport')",1,0,2
1103,"('pinpoint', 'precision')",1,0,2
1107,"('resistant', 'dust')",1,1,0
1108,"('jolt', 'approvededitor', 'rating')",1,1,1
1119,"('easier', 'storage')",1,1,0
1109,"('dust', 'water')",1,0,3
1110,"('jolt', 'approvededitor', 'price')",1,1,0
1117,"('well', 'easier')",1,2,1
1111,"('water', 'vpro')",1,1,1
1115,"('around', 'well')",1,0,1
1104,"('jolt', 'technologyusga', 'rating')",1,1,0
1102,"('jolt', 'technologyusga', 'approvededitor')",1,1,1
1140,"('rating', 'picsvpro', 'rangefindermax')",1,1,0
1097,"('device', 'perfect')",1,0,1
1092,"('pinseeker', 'jolt', 'approvededitor')",1,1,0
1093,"('with', 'pinsensor')",1,1,1
1139,"('consthe', 'vpro')",1,0,3
1138,"('rating', 'reviews', 'rangefindermax')",1,1,1
1094,"('pinseeker', 'jolt', 'rating')",1,0,1
1095,"('technology', 'device')",1,1,0
1096,"('pinseeker', 'technologyusga', 'approvededitor')",1,1,1
1137,"('activities', 'consthe')",1,1,0
1136,"('rating', 'reviews', 'picsvpro')",1,0,3
1131,"('shoulders', 'effortlessly')",1,1,0
1098,"('pinseeker', 'technologyusga', 'rating')",1,1,0
1135,"('tournaments', 'activities')",1,1,1
1134,"('rating', 'price', 'rangefindermax')",1,1,0
1099,"('perfect', 'flag')",1,1,1
1133,"('effortlessly', 'tournaments')",1,0,3
1132,"('rating', 'price', 'picsvpro')",1,1,1
1100,"('pinseeker', 'approvededitor', 'rating')",1,0,1
1101,"('flag', 'pinpoint')",1,1,0
1174,"('picsvpro', 'range', 'yardx')",1,1,1
1175,"('across', 'world')",1,0,1
1073,"('prompt', 'measurement')",1,0,1
1218,"('yardx', 'pinsensor', 'technology')",1,1,0
1227,"('rechargeable', 'volt')",1,1,0
1226,"('magnification', 'pinsensor', 'technology')",1,0,1
1225,"('uses', 'rechargeable')",1,1,1
1224,"('magnification', 'advanced', 'water')",1,1,0
1223,"('yards', 'uses')",1,0,2
1041,"('also', 'prevent')",1,1,0
1222,"('magnification', 'advanced', 'technology')",1,2,1
1220,"('magnification', 'advanced', 'pinsensor')",1,0,2
1043,"('prevent', 'accumulation')",1,0,1
1039,"('surface', 'also')",1,1,1
1217,"('give', 'distances')",1,0,1
1216,"('yardx', 'advanced', 'technology')",1,1,1
1215,"('rangefinder', 'give')",1,1,0
1214,"('yardx', 'advanced', 'pinsensor')",1,0,1
1045,"('accumulation', 'foreign')",1,1,1
1212,"('yardx', 'magnification', 'pinsensor')",1,1,0
1211,"('system', 'this')",1,0,2
1210,"('yardx', 'magnification', 'advanced')",1,1,1
1228,"('magnification', 'pinsensor', 'water')",1,1,1
1230,"('advanced', 'pinsensor', 'technology')",1,1,0
1047,"('foreign', 'particles')",1,1,0
1035,"('impacts', 'gloss')",1,1,0
1246,"('pinsensor', 'technology', 'bodyusga')",1,1,1
1245,"('even', 'without')",1,1,0
1244,"('pinsensor', 'technology', 'resistant')",1,0,1
1243,"('flag', 'even')",1,1,1
1242,"('pinsensor', 'technology', 'water')",1,1,0
1033,"('cushion', 'impacts')",1,1,1
1034,"('joltmax', 'range', 'flagx')",1,0,4
1241,"('technology', 'locate')",1,0,1
1240,"('advanced', 'water', 'resistant')",1,1,1
1231,"('battery', 'amazon')",1,1,1
1036,"('joltmax', 'yards', 'yards')",1,1,1
1037,"('gloss', 'surface')",1,0,4
1112,"('jolt', 'rating', 'price')",1,0,2
1237,"('tech', 'pinseeker')",1,1,1
1236,"('advanced', 'technology', 'water')",1,1,0
1234,"('advanced', 'pinsensor', 'resistant')",1,1,1
1233,"('specifications', 'pinseeker')",1,1,0
1232,"('advanced', 'pinsensor', 'water')",1,0,1
1208,"('yards', 'advanced', 'pinsensor')",1,0,1
1049,"('particles', 'dust')",1,0,2
1176,"('picsvpro', 'yards', 'yardx')",1,1,0
1184,"('rangefindermax', 'yards', 'yardx')",1,0,1
1067,"('compact', 'vpro')",1,0,1
1068,"('flagx', 'magnification', 'jolt')",1,1,0
1069,"('vpro', 'provides')",1,1,1
1188,"('rangefindermax', 'yardx', 'magnification')",1,1,0
1187,"('helps', 'locate')",1,0,1
1186,"('rangefindermax', 'yards', 'magnification')",1,1,1
1070,"('flagx', 'magnification', 'technologyusga')",1,0,2
1185,"('pinseeker', 'helps')",1,1,0
1183,"('comes', 'pinseeker')",1,1,1
1066,"('flagx', 'magnification', 'pinseeker')",1,1,1
1182,"('rangefindermax', 'range', 'magnification')",1,1,0
1181,"('tour', 'comes')",1,0,1
1180,"('rangefindermax', 'range', 'yardx')",1,1,1
1071,"('provides', 'prompt')",1,1,0
1179,"('trust', 'tour')",1,1,0
1178,"('rangefindermax', 'range', 'yards')",1,0,1
1072,"('flagx', 'pinseeker', 'jolt')",1,1,1
1177,"('world', 'trust')",1,2,1
1190,"('range', 'yards', 'yardx')",1,0,1
1191,"('flag', 'jolt')",1,1,0
1051,"('dust', 'hence')",1,1,1
1199,"('locked', 'also')",1,0,1
1206,"('yards', 'magnification', 'pinsensor')",1,1,0
1205,"('version', 'fast')",1,0,1
1204,"('yards', 'magnification', 'advanced')",1,1,1
1053,"('hence', 'ensuring')",1,1,0
1202,"('yards', 'yardx', 'pinsensor')",1,0,1
1055,"('ensuring', 'serves')",1,0,1
1057,"('serves', 'many')",1,1,1
1200,"('yards', 'yardx', 'advanced')",1,1,0
1198,"('yards', 'yardx', 'magnification')",1,1,1
1192,"('range', 'yards', 'advanced')",1,1,1
1197,"('vibrate', 'locked')",1,1,0
1060,"('yards', 'flagx', 'jolt')",1,1,1
1196,"('range', 'magnification', 'advanced')",1,0,1
1061,"('years', 'prosit')",1,0,1
1195,"('make', 'vibrate')",1,1,1
1062,"('yards', 'magnification', 'jolt')",1,1,0
1194,"('range', 'yardx', 'advanced')",1,1,0
1063,"('prosit', 'lightweight')",1,1,1
1238,"('advanced', 'technology', 'resistant')",1,0,1
1454,"('rating', 'picsbushnell', 'xmax')",1,0,1
1369,"('make', 'good')",1,1,1
1670,"('golf', 'rangefinder', 'should')",1,0,1
1680,"('rangefinder', 'reviews', 'should')",1,2,0
1679,"('accurate', 'rangefinder')",1,0,1
1678,"('golf', 'should', 'shouldn')",1,1,1
1677,"('technology', 'accurate')",1,2,0
1676,"('golf', 'reviews', 'shouldn')",1,0,1
1675,"('thanks', 'slope')",1,1,1
1674,"('golf', 'reviews', 'should')",1,2,0
1673,"('easy', 'thanks')",1,0,1
1672,"('golf', 'rangefinder', 'shouldn')",1,1,1
1671,"('quick', 'easy')",1,2,0
1669,"('feature', 'quick')",1,1,1
1655,"('look', 'toggle')",1,0,1
1667,"('compensating', 'feature')",1,0,1
1666,"('picscontents', 'reviews', 'should')",1,1,1
1664,"('picscontents', 'rangefinder', 'should')",1,0,1
1663,"('changing', 'slope')",1,1,1
1662,"('picscontents', 'rangefinder', 'reviews')",1,1,0
1661,"('displays', 'changing')",1,0,1
1660,"('picscontents', 'golf', 'should')",1,1,1
1659,"('different', 'displays')",1,1,0
1658,"('picscontents', 'golf', 'reviews')",1,0,1
1657,"('toggle', 'different')",1,1,1
1681,"('rangefinder', 'long')",1,1,1
1682,"('rangefinder', 'reviews', 'shouldn')",1,0,1
1683,"('enough', 'range')",1,2,0
1685,"('range', 'sturdy')",1,0,1
1709,"('ensure', 'hold')",1,0,1
1707,"('grip', 'ensure')",1,1,0
1706,"('should', 'shouldn', 'some')",1,0,1
1705,"('weather', 'uses')",1,1,1
1703,"('suitable', 'weather')",1,0,1
1701,"('making', 'suitable')",1,1,0
1700,"('reviews', 'shouldn', 'rangefinder')",1,0,1
1699,"('also', 'making')",1,1,1
1698,"('reviews', 'shouldn', 'golf')",1,1,0
1697,"('falls', 'also')",1,0,1
1696,"('reviews', 'should', 'rangefinder')",1,1,1
1695,"('accidental', 'falls')",1,1,0
1694,"('reviews', 'should', 'golf')",1,0,1
1693,"('damages', 'accidental')",1,1,1
1692,"('reviews', 'should', 'shouldn')",1,1,0
1691,"('prevent', 'damages')",1,0,1
1690,"('rangefinder', 'shouldn', 'golf')",1,1,2
1689,"('housing', 'prevent')",1,1,0
1688,"('rangefinder', 'should', 'golf')",1,0,1
1687,"('waterproof', 'housing')",1,1,1
1686,"('rangefinder', 'should', 'shouldn')",1,2,0
1656,"('picscontents', 'golf', 'rangefinder')",1,1,0
1654,"('reviews', 'rangefinder', 'reviews')",1,1,1
1601,"('features', 'rangefinder')",1,0,1
1615,"('easy', 'move')",1,1,1
1626,"('rating', 'reviews', 'picscontents')",1,1,0
1624,"('rating', 'price', 'golf')",1,1,1
1623,"('comes', 'sturdy')",1,1,0
1622,"('rating', 'price', 'picscontents')",1,0,1
1621,"('housing', 'this')",1,1,1
1620,"('approvededitor', 'reviews', 'picscontents')",1,1,0
1619,"('feature', 'armored')",1,0,1
1618,"('approvededitor', 'price', 'picscontents')",1,1,1
1617,"('move', 'slope')",1,2,0
1616,"('approvededitor', 'rating', 'picscontents')",1,0,1
1614,"('display', 'rating', 'price')",1,1,0
1653,"('overall', 'look')",1,1,0
1613,"('switch', 'make')",1,0,1
1612,"('display', 'approvededitor', 'price')",1,1,1
1610,"('display', 'approvededitor', 'rating')",1,0,1
1609,"('appealing', 'also')",1,1,1
1608,"('display', 'technologyusga', 'price')",1,1,0
1607,"('even', 'appealing')",1,0,1
1606,"('display', 'technologyusga', 'rating')",1,1,1
1605,"('makes', 'even')",1,1,0
1604,"('display', 'technologyusga', 'approvededitor')",1,0,1
1603,"('rangefinder', 'makes')",1,1,1
1627,"('waterproof', 'metal')",1,1,1
1628,"('rating', 'reviews', 'golf')",1,0,1
1629,"('metal', 'casing')",1,1,0
1630,"('rating', 'picscontents', 'golf')",1,1,1
1652,"('reviews', 'golf', 'reviews')",1,0,1
1651,"('appealing', 'overall')",1,1,1
1649,"('sturdy', 'appealing')",1,0,1
1648,"('reviews', 'picscontents', 'reviews')",1,1,1
1647,"('rangefinder', 'sturdy')",1,1,0
1646,"('reviews', 'picscontents', 'rangefinder')",1,0,1
1645,"('prosthis', 'rangefinder')",1,1,1
1644,"('reviews', 'picscontents', 'golf')",1,1,0
1643,"('weather', 'prosthis')",1,0,1
1642,"('price', 'golf', 'rangefinder')",1,1,1
1641,"('even', 'weather')",1,1,0
1640,"('price', 'picscontents', 'rangefinder')",1,0,1
1639,"('suitable', 'even')",1,1,1
1638,"('price', 'picscontents', 'golf')",1,1,0
1637,"('makes', 'suitable')",1,0,1
1636,"('price', 'reviews', 'rangefinder')",1,1,1
1635,"('damages', 'also')",1,1,0
1634,"('price', 'reviews', 'golf')",1,0,1
1633,"('protects', 'damages')",1,1,1
1632,"('price', 'reviews', 'picscontents')",1,1,0
1631,"('casing', 'protects')",1,0,1
1710,"('should', 'golf', 'some')",1,1,0
1711,"('hold', 'operate')",1,1,2
1712,"('should', 'rangefinder', 'some')",1,0,1
1780,"('brands', 'golf', 'golf')",1,1,1
1797,"('also', 'lightweight')",1,1,0
1795,"('well', 'also')",1,1,1
1793,"('works', 'well')",1,0,1
1791,"('still', 'works')",1,1,0
1790,"('what', 'rangefinder', 'rangefinder')",1,0,1
1789,"('coolshot', 'still')",1,2,1
1787,"('like', 'nikon')",1,0,1
1785,"('compact', 'like')",1,1,0
1782,"('brands', 'rangefinder', 'golf')",1,1,0
1781,"('convenient', 'small')",1,0,1
1778,"('brands', 'golf', 'rangefinder')",1,0,1
1713,"('operate', 'well')",1,1,0
1777,"('expensive', 'rangefinder')",1,1,1
1776,"('brands', 'what', 'rangefinder')",1,1,0
1775,"('large', 'expensive')",1,0,1
1773,"('need', 'large')",1,1,0
1772,"('famous', 'golf', 'rangefinder')",1,0,1
1771,"('rangefinderyou', 'need')",1,1,1
1770,"('famous', 'what', 'rangefinder')",1,1,0
1769,"('golf', 'rangefinderyou')",1,0,1
1768,"('famous', 'what', 'golf')",1,1,1
1767,"('coolshot', 'golf')",1,1,0
1798,"('golf', 'golf', 'help')",1,1,1
1799,"('lightweight', 'rangefinder')",1,0,1
1800,"('rangefinder', 'golf', 'help')",1,1,0
1802,"('rangefinder', 'golf', 'which')",1,0,1
1831,"('mode', 'second')",1,2,1
1830,"('help', 'which', 'best')",1,1,0
1828,"('help', 'which', 'rangefinder')",1,2,1
1826,"('help', 'which', 'golf')",1,0,1
1825,"('these', 'features')",1,1,1
1824,"('rangefinder', 'which', 'rangefinder')",1,1,0
1823,"('features', 'these')",1,0,1
1822,"('rangefinder', 'which', 'golf')",1,1,1
1821,"('impressive', 'features')",1,1,0
1819,"('also', 'comes')",1,2,1
1817,"('size', 'also')",1,0,1
1816,"('golf', 'which', 'golf')",1,1,1
1815,"('small', 'size')",1,1,0
1813,"('despite', 'small')",1,2,1
1812,"('golf', 'help', 'which')",1,1,0
1811,"('ease', 'despite')",1,0,1
1810,"('golf', 'rangefinder', 'which')",1,4,1
1809,"('pocket', 'ease')",1,1,0
1807,"('slide', 'pocket')",1,1,1
1806,"('rangefinder', 'rangefinder', 'which')",1,1,0
1805,"('handle', 'slide')",1,0,1
1766,"('famous', 'brands', 'rangefinder')",1,0,1
1764,"('famous', 'brands', 'golf')",1,1,0
1763,"('complicated', 'nikon')",1,0,1
1737,"('price', 'higher')",1,1,0
1735,"('rangefinderconsthe', 'price')",1,1,2
1734,"('golf', 'some', 'brands')",1,1,0
1733,"('legal', 'rangefinderconsthe')",1,0,1
1732,"('golf', 'some', 'famous')",1,1,1
1731,"('target', 'tournament')",1,1,0
1730,"('golf', 'rangefinder', 'brands')",1,0,1
1729,"('lock', 'target')",1,4,1
1728,"('golf', 'rangefinder', 'famous')",1,1,0
1727,"('alert', 'lock')",1,0,1
1726,"('golf', 'rangefinder', 'some')",1,1,1
1725,"('vibrations', 'alert')",1,1,0
1724,"('shouldn', 'some', 'famous')",1,0,1
1723,"('produces', 'vibrations')",1,1,1
1722,"('shouldn', 'rangefinder', 'famous')",1,1,0
1721,"('tech', 'produces')",1,0,1
1720,"('shouldn', 'rangefinder', 'some')",1,1,1
1719,"('shaking', 'jolt')",1,3,0
1718,"('shouldn', 'golf', 'famous')",1,0,1
1717,"('minimum', 'shaking')",1,1,1
1716,"('shouldn', 'golf', 'some')",1,1,0
1715,"('well', 'minimum')",1,0,1
1736,"('golf', 'famous', 'brands')",1,0,1
1738,"('rangefinder', 'some', 'famous')",1,1,1
1762,"('famous', 'brands', 'what')",1,1,1
1739,"('higher', 'many')",1,0,1
1761,"('data', 'complicated')",1,1,0
1760,"('some', 'what', 'golf')",1,0,1
1759,"('fuind', 'data')",1,1,1
1758,"('some', 'brands', 'golf')",1,1,0
1757,"('also', 'fuind')",1,0,1
1756,"('some', 'brands', 'what')",1,1,1
1755,"('might', 'also')",1,1,0
1753,"('beginners', 'might')",1,1,1
1752,"('some', 'famous', 'what')",1,1,0
1751,"('used', 'beginners')",1,0,1
1750,"('some', 'famous', 'brands')",1,2,1
1749,"('long', 'used')",1,1,0
1748,"('rangefinder', 'brands', 'what')",1,0,1
1747,"('take', 'long')",1,2,1
1746,"('rangefinder', 'famous', 'what')",1,3,0
1745,"('features', 'take')",1,0,1
1744,"('rangefinder', 'famous', 'brands')",1,9,1
1743,"('some', 'features')",1,1,0
1742,"('rangefinder', 'some', 'what')",1,0,1
1741,"('golfers', 'some')",1,1,1
1740,"('rangefinder', 'some', 'brands')",1,1,0
1602,"('dual', 'approvededitor', 'rating')",1,1,0
1600,"('dual', 'technologyusga', 'rating')",1,1,1
1370,"('yards', 'magnification', 'target')",1,0,3
1437,"('tournaments', 'needs')",1,1,0
1447,"('well', 'battery')",1,2,1
1446,"('weatherproofusga', 'rating', 'reviews')",1,5,0
1445,"('work', 'well')",1,0,1
1444,"('weatherproofusga', 'rating', 'price')",1,1,1
1443,"('hands', 'work')",1,1,0
1442,"('weatherproofusga', 'approvededitor', 'reviews')",1,0,2
1441,"('steady', 'hands')",1,1,1
1440,"('weatherproofusga', 'approvededitor', 'price')",1,1,0
1439,"('needs', 'steady')",1,0,1
1438,"('weatherproofusga', 'approvededitor', 'rating')",1,1,1
1436,"('technology', 'rating', 'price')",1,0,1
1424,"('priority', 'weatherproofusga', 'rating')",1,0,1
1435,"('feature', 'legal')",1,1,1
1434,"('technology', 'approvededitor', 'price')",1,1,0
1433,"('slope', 'feature')",1,0,1
1432,"('technology', 'weatherproofusga', 'price')",1,1,1
1431,"('best', 'slope')",1,1,0
1430,"('technology', 'weatherproofusga', 'rating')",1,0,1
1429,"('still', 'best')",1,1,1
1428,"('technology', 'weatherproofusga', 'approvededitor')",1,1,0
1427,"('magnification', 'still')",1,0,1
1426,"('priority', 'approvededitor', 'rating')",1,1,1
1448,"('weatherproofusga', 'price', 'reviews')",1,0,1
1449,"('battery', 'quite')",1,5,0
1450,"('rating', 'price', 'xmax')",1,1,1
1451,"('quite', 'hard')",1,0,1
1475,"('features', 'pinseaker')",1,0,1
1472,"('picsbushnell', 'xmax', 'range')",1,0,1
1471,"('best', 'bushnell')",1,2,1
1470,"('reviews', 'xmax', 'yards')",1,1,0
1469,"('ensure', 'best')",1,0,1
1468,"('reviews', 'xmax', 'range')",1,1,1
1467,"('always', 'ensure')",1,2,0
1466,"('reviews', 'picsbushnell', 'yards')",1,0,1
1465,"('course', 'always')",1,1,1
1464,"('reviews', 'picsbushnell', 'xmax')",1,5,0
1463,"('devices', 'course')",1,0,1
1462,"('price', 'xmax', 'range')",1,1,1
1461,"('helpful', 'devices')",1,2,0
1460,"('price', 'picsbushnell', 'range')",1,0,1
1459,"('rangefinder', 'helpful')",1,1,1
1458,"('price', 'picsbushnell', 'xmax')",1,2,0
1457,"('bushnell', 'rangefindera')",1,0,1
1456,"('price', 'reviews', 'xmax')",1,1,1
1455,"('insert', 'bushnell')",1,5,0
1453,"('hard', 'insert')",1,4,1
1452,"('rating', 'reviews', 'xmax')",1,2,0
1425,"('consthe', 'magnification')",1,1,0
1423,"('bushnell', 'consthe')",1,1,1
1599,"('feature', 'best')",1,1,0
1382,"('magnification', 'first', 'priority')",1,0,1
1394,"('first', 'target', 'technology')",1,0,1
1393,"('quite', 'fair')",1,1,1
1390,"('magnification', 'priority', 'technology')",1,1,1
1389,"('quickly', 'price')",1,1,0
1388,"('magnification', 'target', 'technology')",1,0,1
1387,"('focuses', 'quickly')",1,1,1
1386,"('magnification', 'target', 'priority')",1,1,0
1385,"('versionit', 'focuses')",1,0,1
1384,"('magnification', 'first', 'technology')",1,1,1
1383,"('slope', 'versionit')",1,1,0
1381,"('choose', 'slope')",1,1,1
1422,"('priority', 'weatherproofusga', 'approvededitor')",1,1,0
1380,"('magnification', 'first', 'target')",1,1,0
1379,"('golfers', 'choose')",1,0,1
1378,"('yards', 'target', 'priority')",1,1,1
1377,"('benefit', 'golfers')",1,1,0
1376,"('yards', 'first', 'priority')",1,0,2
1375,"('huge', 'benefit')",1,1,1
1374,"('yards', 'first', 'target')",1,1,0
1373,"('technology', 'huge')",1,0,1
1372,"('yards', 'magnification', 'priority')",1,3,1
1371,"('good', 'slope')",1,1,0
1395,"('fair', 'control')",1,2,0
1396,"('first', 'target', 'weatherproofusga')",1,1,1
1397,"('control', 'button')",1,0,1
1398,"('first', 'priority', 'technology')",1,1,0
1421,"('rangefinders', 'bushnell')",1,0,1
1420,"('priority', 'technology', 'rating')",1,1,1
1419,"('accurate', 'rangefinders')",1,2,0
1418,"('priority', 'technology', 'approvededitor')",1,0,1
1417,"('tour', 'accurate')",1,1,1
1416,"('priority', 'technology', 'weatherproofusga')",1,1,0
1415,"('advantage', 'bushnell')",1,0,1
1414,"('target', 'weatherproofusga', 'approvededitor')",1,1,1
1412,"('target', 'technology', 'approvededitor')",1,0,1
1411,"('also', 'significant')",1,1,1
1410,"('target', 'technology', 'weatherproofusga')",1,1,0
1409,"('fantastic', 'also')",1,0,1
1408,"('target', 'priority', 'approvededitor')",1,1,1
1407,"('feature', 'fantastic')",1,2,0
1406,"('target', 'priority', 'weatherproofusga')",1,0,1
1405,"('jolt', 'feature')",1,1,1
1403,"('easy', 'jolt')",1,0,1
1402,"('first', 'technology', 'weatherproofusga')",1,1,1
1401,"('everything', 'makes')",1,1,0
1400,"('first', 'priority', 'weatherproofusga')",1,0,1
1399,"('button', 'everything')",1,2,1
1476,"('picsbushnell', 'yards', 'yards')",1,1,0
1477,"('pinseaker', 'jolt')",1,1,1
1479,"('tech', 'dual')",1,1,0
1554,"('technology', 'technology', 'dual')",1,1,0
1568,"('jolt', 'technology', 'dual')",1,0,1
1566,"('pinseeker', 'dual', 'display')",1,7,0
1564,"('pinseeker', 'technology', 'display')",1,1,1
1563,"('grip', 'excessive')",1,4,0
1562,"('pinseeker', 'technology', 'dual')",1,0,1
1561,"('lighting', 'stable')",1,1,1
1560,"('pinseeker', 'jolt', 'display')",1,2,0
1559,"('conditions', 'lighting')",1,0,1
1558,"('pinseeker', 'jolt', 'dual')",1,1,1
1555,"('prevailing', 'weather')",1,1,1
1553,"('preferences', 'prevailing')",1,0,1
1480,"('xmax', 'range', 'flagx')",1,1,1
1552,"('technology', 'jolt', 'dual')",1,1,1
1551,"('depending', 'preferences')",1,1,0
1550,"('technology', 'jolt', 'technology')",1,0,1
1549,"('display', 'depending')",1,1,1
1548,"('technology', 'pinseeker', 'dual')",1,2,0
1547,"('black', 'display')",1,0,1
1546,"('technology', 'pinseeker', 'technology')",1,1,1
1545,"('sharp', 'black')",1,1,0
1544,"('technology', 'pinseeker', 'jolt')",1,0,1
1543,"('vivid', 'sharp')",1,1,1
1569,"('hands', 'common')",1,2,0
1571,"('common', 'causes')",1,0,1
1572,"('jolt', 'technology', 'technologyusga')",1,2,0
1573,"('causes', 'inaccurate')",1,1,1
1598,"('dual', 'technologyusga', 'approvededitor')",1,0,1
1596,"('dual', 'display', 'rating')",1,3,0
1594,"('dual', 'display', 'approvededitor')",1,1,1
1593,"('tech', 'slope')",1,1,0
1592,"('dual', 'display', 'technologyusga')",1,0,1
1591,"('hands', 'slope')",1,1,1
1590,"('technology', 'technologyusga', 'approvededitor')",1,1,0
1589,"('preventing', 'excessive')",1,0,1
1588,"('technology', 'display', 'approvededitor')",1,2,1
1587,"('readings', 'preventing')",1,2,0
1586,"('technology', 'display', 'technologyusga')",1,0,1
1585,"('accurate', 'readings')",1,1,1
1584,"('technology', 'dual', 'approvededitor')",1,2,0
1583,"('operate', 'accurate')",1,0,1
1582,"('technology', 'dual', 'technologyusga')",1,1,1
1580,"('technology', 'dual', 'display')",1,0,1
1579,"('rangefinder', 'uses')",1,1,1
1578,"('jolt', 'display', 'technologyusga')",1,2,0
1577,"('readings', 'rangefinder')",1,0,1
1576,"('jolt', 'dual', 'technologyusga')",1,1,1
1575,"('inaccurate', 'readings')",1,2,0
1542,"('switch', 'jolt', 'technology')",1,2,0
1541,"('pick', 'vivid')",1,0,1
1540,"('switch', 'pinseeker', 'technology')",1,1,1
1512,"('magnification', 'slope', 'pinseeker')",1,1,0
1510,"('magnification', 'slope', 'switch')",1,1,1
1509,"('pinseeker', 'technologies')",1,1,0
1508,"('flagx', 'switch', 'technology')",1,0,1
1507,"('jolt', 'pinseeker')",1,1,1
1506,"('flagx', 'slope', 'technology')",1,2,0
1505,"('picsfeatures', 'jolt')",1,0,1
1504,"('flagx', 'slope', 'switch')",1,2,1
1503,"('durability', 'amazon')",1,1,0
1502,"('flagx', 'magnification', 'technology')",1,0,1
1501,"('housing', 'durability')",1,2,1
1500,"('flagx', 'magnification', 'switch')",1,1,0
1498,"('flagx', 'magnification', 'slope')",1,2,1
1497,"('operate', 'armored')",1,1,0
1496,"('yards', 'slope', 'switch')",1,0,1
1494,"('yards', 'magnification', 'switch')",1,1,0
1492,"('yards', 'flagx', 'switch')",1,3,1
1489,"('also', 'stable')",1,1,1
1486,"('yards', 'yards', 'slope')",1,2,1
1485,"('tech', 'magnification')",1,1,0
1482,"('xmax', 'yards', 'yards')",1,2,0
1481,"('display', 'slope')",1,0,1
1511,"('technologies', 'always')",1,0,1
1513,"('always', 'look')",1,1,1
1539,"('rangefinder', 'pick')",1,2,0
1514,"('magnification', 'switch', 'technology')",1,0,1
1538,"('switch', 'pinseeker', 'jolt')",1,0,1
1537,"('with', 'rangefinder')",1,1,1
1536,"('switch', 'technology', 'technology')",1,1,0
1535,"('display', 'with')",1,0,1
1534,"('switch', 'technology', 'jolt')",1,1,1
1533,"('flagstick', 'dual')",1,3,0
1532,"('switch', 'technology', 'pinseeker')",1,0,1
1531,"('onto', 'flagstick')",1,1,1
1530,"('slope', 'pinseeker', 'jolt')",1,1,0
1529,"('know', 'lock')",1,0,1
1528,"('slope', 'technology', 'jolt')",1,1,1
1527,"('jolt', 'know')",1,1,0
1526,"('slope', 'technology', 'pinseeker')",1,0,1
1525,"('locate', 'jolt')",1,1,1
1524,"('slope', 'switch', 'jolt')",1,1,0
1523,"('easy', 'locate')",1,0,1
1522,"('slope', 'switch', 'pinseeker')",1,1,1
1521,"('bushnell', 'pinseeker')",1,1,0
1518,"('magnification', 'technology', 'pinseeker')",1,1,0
1516,"('magnification', 'switch', 'pinseeker')",1,1,1
1515,"('look', 'shopping')",1,1,0
1000,"('reviews', 'picsbushnell', 'tour')",1,1,1
0,"('rangefinder', 'under', 'golf')",1,1,0
998,"('price', 'tour', 'joltmax')",1,0,4
540,"('money', 'rating', 'best')",1,2,0
372,"('golf', 'laser', 'tour')",1,1,0
371,"('equipment', 'every')",1,0,1
368,"('best', 'rangefinder', 'tour')",1,0,1
367,"('essential', 'golf')",1,5,1
366,"('best', 'laser', 'tour')",1,4,0
365,"('rangefinder', 'essential')",1,0,1
364,"('best', 'laser', 'rangefinder')",1,1,2
362,"('best', 'golf', 'tour')",1,0,1
361,"('golf', 'rangefindera')",1,1,1
358,"('jolt', 'laser', 'rangefinder')",1,1,1
357,"('golf', 'slope')",1,1,0
356,"('jolt', 'golf', 'rangefinder')",1,0,1
355,"('measurements', 'precision')",1,3,1
354,"('jolt', 'golf', 'laser')",1,3,0
353,"('comprehensive', 'measurements')",1,0,1
352,"('jolt', 'best', 'rangefinder')",1,1,2
351,"('accurate', 'comprehensive')",1,1,0
350,"('jolt', 'best', 'laser')",1,0,1
349,"('rely', 'accurate')",1,3,1
348,"('jolt', 'best', 'golf')",1,2,0
347,"('golfer', 'rely')",1,0,1
346,"('tour', 'golf', 'laser')",1,1,1
344,"('tour', 'best', 'laser')",1,0,1
373,"('golfer', 'course')",1,2,2
374,"('golf', 'laser', 'rating')",1,0,1
375,"('course', 'makes')",1,2,0
389,"('high', 'performing')",1,0,1
399,"('golf', 'always')",1,12,0
398,"('rangefinder', 'rating', 'best')",1,0,1
397,"('like', 'precision')",1,3,1
396,"('rangefinder', 'tour', 'best')",1,4,0
395,"('quality', 'like')",1,0,1
394,"('rangefinder', 'tour', 'bushnell')",1,5,2
393,"('notch', 'quality')",1,1,0
392,"('rangefinder', 'tour', 'rating')",1,0,1
391,"('performing', 'notch')",1,2,1
390,"('laser', 'rating', 'bushnell')",1,1,0
388,"('laser', 'tour', 'bushnell')",1,1,1
377,"('makes', 'distance')",1,0,1
387,"('something', 'high')",1,2,0
386,"('laser', 'tour', 'rating')",1,0,1
385,"('accurate', 'something')",1,1,1
384,"('laser', 'rangefinder', 'bushnell')",1,4,0
383,"('easier', 'accurate')",1,0,1
382,"('laser', 'rangefinder', 'rating')",1,2,1
381,"('measurement', 'easier')",1,9,0
380,"('laser', 'rangefinder', 'tour')",1,0,1
379,"('distance', 'measurement')",1,1,1
378,"('golf', 'tour', 'rating')",1,1,0
343,"('reviews', 'every')",1,2,2
341,"('three', 'golf')",1,0,2
340,"('tour', 'jolt', 'laser')",1,5,1
292,"('rangefinder', 'slope', 'tour')",1,2,1
305,"('game', 'offering')",1,0,1
304,"('slope', 'rating', 'jolt')",1,1,1
302,"('slope', 'rating', 'tour')",1,0,3
301,"('game', 'value')",1,1,1
300,"('slope', 'rating', 'bushnell')",1,1,0
299,"('right', 'game')",1,0,1
297,"('finding', 'right')",1,1,0
296,"('rangefinder', 'rating', 'tour')",1,0,1
295,"('issue', 'finding')",1,1,1
293,"('real', 'issue')",1,0,1
291,"('however', 'real')",1,1,0
307,"('offering', 'reliable')",1,1,1
290,"('rangefinder', 'slope', 'bushnell')",1,0,1
289,"('problem', 'however')",1,2,1
288,"('rangefinder', 'slope', 'rating')",1,1,0
287,"('never', 'problem')",1,0,1
286,"('golf', 'rating', 'bushnell')",1,1,1
285,"('finding', 'never')",1,1,0
284,"('golf', 'slope', 'bushnell')",1,0,1
283,"('shapes', 'finding')",1,1,1
282,"('golf', 'slope', 'rating')",1,1,0
281,"('sizes', 'shapes')",1,0,1
306,"('slope', 'bushnell', 'tour')",1,1,0
308,"('slope', 'bushnell', 'jolt')",1,0,1
339,"('following', 'three')",1,1,0
323,"('make', 'gaming')",1,0,1
337,"('player', 'following')",1,2,1
336,"('tour', 'jolt', 'best')",1,1,0
335,"('better', 'player')",1,0,1
333,"('become', 'better')",1,1,0
331,"('help', 'become')",1,1,1
330,"('bushnell', 'jolt', 'best')",1,1,0
329,"('also', 'help')",1,0,1
327,"('experience', 'also')",1,1,0
326,"('bushnell', 'tour', 'best')",1,0,1
325,"('gaming', 'experience')",1,1,1
322,"('rating', 'jolt', 'best')",1,1,2
310,"('slope', 'tour', 'jolt')",1,1,1
321,"('rangefinders', 'make')",1,1,0
320,"('rating', 'tour', 'best')",1,0,1
319,"('player', 'rangefinders')",1,6,1
318,"('rating', 'tour', 'jolt')",1,1,0
317,"('whether', 'player')",1,0,1
315,"('information', 'whether')",1,1,0
314,"('rating', 'bushnell', 'jolt')",1,0,1
313,"('fast', 'information')",1,1,1
312,"('rating', 'bushnell', 'tour')",1,1,0
311,"('accurate', 'fast')",1,0,1
400,"('rangefinder', 'bushnell', 'best')",1,1,1
402,"('tour', 'rating', 'bushnell')",1,1,0
403,"('confident', 'reliable')",1,2,1
485,"('measurements', 'amazon')",1,0,1
509,"('compensates', 'elevation')",1,0,11
508,"('best', 'golf', 'money')",1,1,1
507,"('rangefinder', 'compensates')",1,3,0
506,"('rangefinder', 'rangefinder', 'money')",1,0,31
505,"('highlights', 'rangefinder')",1,1,1
504,"('rangefinder', 'golf', 'money')",1,1,0
503,"('technology', 'highlights')",1,0,2
501,"('slope', 'adaptive')",1,2,0
500,"('rangefinder', 'best', 'money')",1,0,2
499,"('best', 'adaptive')",1,1,1
483,"('read', 'measurements')",1,1,0
512,"('best', 'money', 'rating')",1,0,8
482,"('tectectec', 'best', 'golf')",1,0,1
480,"('tectectec', 'rangefinder', 'golf')",1,1,0
478,"('tectectec', 'rangefinder', 'best')",1,1,1
477,"('optics', 'make')",1,1,0
476,"('tectectec', 'vpro', 'golf')",1,0,1
475,"('crisp', 'optics')",1,1,1
474,"('tectectec', 'vpro', 'best')",1,2,0
473,"('clear', 'crisp')",1,0,1
472,"('tectectec', 'vpro', 'rangefinder')",1,1,1
471,"('battery', 'clear')",1,1,0
511,"('elevation', 'also')",1,1,1
513,"('also', 'turned')",1,2,0
469,"('never', 'battery')",1,1,1
527,"('never', 'guess')",1,0,2
538,"('money', 'rating', 'list')",1,2,1
537,"('even', 'look')",1,1,0
536,"('money', 'rating', 'this')",1,0,1
535,"('target', 'even')",1,1,1
534,"('rangefinder', 'this', 'list')",1,1,0
533,"('onto', 'target')",1,0,2
532,"('rangefinder', 'rating', 'list')",1,1,1
530,"('rangefinder', 'rating', 'this')",1,0,2
529,"('guess', 'lock')",1,1,1
528,"('rangefinder', 'money', 'list')",1,1,0
526,"('rangefinder', 'money', 'this')",1,1,1
514,"('golf', 'rangefinder', 'money')",1,1,1
525,"('technology', 'never')",1,1,0
524,"('rangefinder', 'money', 'rating')",1,0,2
523,"('rangefinder', 'pulse')",1,1,1
522,"('golf', 'rating', 'this')",1,1,0
521,"('legal', 'rangefinder')",1,0,2
520,"('golf', 'money', 'this')",1,1,1
518,"('golf', 'money', 'rating')",1,0,2
517,"('make', 'tournament')",1,2,1
516,"('golf', 'rangefinder', 'this')",1,1,0
515,"('turned', 'make')",1,0,14
470,"('rating', 'rangefinder', 'best')",1,0,1
468,"('rating', 'vpro', 'best')",1,1,0
404,"('tour', 'rating', 'best')",1,0,1
420,"('rating', 'golf', 'rangefinder')",1,2,0
435,"('yards', 'also')",1,1,0
434,"('best', 'rangefinder', 'tectectec')",1,0,1
433,"('technology', 'range')",1,1,1
432,"('best', 'golf', 'tectectec')",1,1,0
430,"('bushnell', 'rangefinder', 'rating')",1,1,1
428,"('bushnell', 'golf', 'rating')",1,0,1
427,"('technology', 'pulse')",1,1,1
424,"('bushnell', 'best', 'rating')",1,1,1
422,"('bushnell', 'best', 'rangefinder')",1,0,3
421,"('tournaments', 'target')",1,1,1
418,"('rating', 'best', 'rangefinder')",1,1,1
438,"('golf', 'rangefinder', 'tectectec')",1,1,0
417,"('makes', 'legal')",1,4,0
415,"('function', 'makes')",1,1,1
414,"('rating', 'bushnell', 'rangefinder')",1,1,0
413,"('slope', 'function')",1,0,1
412,"('rating', 'bushnell', 'golf')",1,1,1
411,"('gadget', 'adaptive')",1,3,0
410,"('tour', 'bushnell', 'golf')",1,0,1
409,"('convenient', 'gadget')",1,2,1
408,"('tour', 'bushnell', 'best')",1,1,0
406,"('tour', 'rating', 'golf')",1,1,1
436,"('best', 'rating', 'tectectec')",1,1,1
439,"('magnification', 'shock')",1,1,1
467,"('long', 'never')",1,0,1
454,"('rangefinder', 'tectectec', 'vpro')",1,2,1
466,"('rating', 'vpro', 'rangefinder')",1,1,1
465,"('money', 'long')",1,1,0
464,"('rating', 'tectectec', 'best')",1,0,1
463,"('save', 'money')",1,2,1
462,"('rating', 'tectectec', 'rangefinder')",1,1,0
461,"('replacement', 'save')",1,0,1
460,"('rating', 'tectectec', 'vpro')",1,1,1
458,"('rangefinder', 'vpro', 'rangefinder')",1,0,1
456,"('rangefinder', 'tectectec', 'rangefinder')",1,1,0
455,"('comes', 'free')",1,0,1
453,"('love', 'comes')",1,1,0
440,"('golf', 'rangefinder', 'vpro')",1,0,1
452,"('rangefinder', 'rating', 'rangefinder')",1,0,1
450,"('rangefinder', 'rating', 'vpro')",1,1,0
448,"('rangefinder', 'rating', 'tectectec')",1,1,1
447,"('durability', 'many')",1,2,0
446,"('golf', 'tectectec', 'vpro')",1,0,1
445,"('enhanced', 'durability')",1,1,1
444,"('golf', 'rating', 'vpro')",1,1,0
443,"('waterproof', 'enhanced')",1,0,1
442,"('golf', 'rating', 'tectectec')",1,1,1
441,"('shock', 'waterproof')",1,2,0
279,"('come', 'sizes')",1,1,0
277,"('reviewsrangefinders', 'come')",1,1,1
276,"('best', 'slope', 'rating')",1,1,0
78,"('ballsswing', 'cartgolf', 'bagsgolf')",1,1,0
91,"('rangefinder', 'they')",1,4,1
90,"('analyzerpush', 'bagsgolf', 'clubsbeginner')",1,1,0
89,"('list', 'best')",1,0,1
88,"('analyzerpush', 'cartgolf', 'golf')",1,1,1
86,"('analyzerpush', 'cartgolf', 'clubsbeginner')",1,0,1
85,"('rating', 'this')",1,2,1
84,"('analyzerpush', 'cartgolf', 'bagsgolf')",1,1,0
83,"('money', 'rating')",1,0,1
82,"('ballsswing', 'bagsgolf', 'clubsbeginner')",1,6,1
80,"('ballsswing', 'cartgolf', 'clubsbeginner')",1,0,1
76,"('ballsswing', 'analyzerpush', 'clubsbeginner')",1,1,1
93,"('they', 'features')",1,1,0
75,"('tectectec', 'vpro')",1,1,0
74,"('ballsswing', 'analyzerpush', 'bagsgolf')",1,0,1
73,"('rating', 'tectectec')",1,3,3
72,"('ballsswing', 'analyzerpush', 'cartgolf')",1,1,0
71,"('rangefinder', 'rating')",1,0,1
70,"('gpsgolf', 'cartgolf', 'bagsgolf')",1,42,1
68,"('gpsgolf', 'analyzerpush', 'bagsgolf')",1,0,2
67,"('tour', 'rating')",1,1,1
66,"('gpsgolf', 'analyzerpush', 'cartgolf')",1,1,0
65,"('rangefinder', 'tour')",1,0,1
92,"('analyzerpush', 'bagsgolf', 'golf')",1,0,1
94,"('analyzerpush', 'clubsbeginner', 'golf')",1,6,1
62,"('gpsgolf', 'ballsswing', 'cartgolf')",1,0,1
108,"('bagsgolf', 'clubsbeginner', 'golf')",1,1,0
120,"('clubsbeginner', 'golf', 'clubsironsirons')",1,1,0
119,"('finders', 'superb')",1,0,1
118,"('bagsgolf', 'clubsironsirons', 'high')",1,5,1
116,"('bagsgolf', 'golf', 'high')",1,0,1
114,"('bagsgolf', 'golf', 'clubsironsirons')",1,1,0
113,"('these', 'golf')",1,0,1
112,"('bagsgolf', 'clubsbeginner', 'high')",1,1,1
111,"('budget', 'these')",1,1,0
110,"('bagsgolf', 'clubsbeginner', 'clubsironsirons')",1,0,1
109,"('requirements', 'budget')",1,1,1
107,"('according', 'requirements')",1,0,1
95,"('features', 'ideal')",1,0,1
106,"('cartgolf', 'golf', 'clubsironsirons')",1,1,1
105,"('choose', 'according')",1,1,0
104,"('cartgolf', 'clubsbeginner', 'clubsironsirons')",1,0,1
103,"('beginner', 'choose')",1,2,1
102,"('cartgolf', 'clubsbeginner', 'golf')",1,1,0
101,"('player', 'beginner')",1,0,1
100,"('cartgolf', 'bagsgolf', 'clubsironsirons')",1,1,1
98,"('cartgolf', 'bagsgolf', 'golf')",1,0,1
97,"('ideal', 'professional')",1,1,1
96,"('cartgolf', 'bagsgolf', 'clubsbeginner')",1,1,0
64,"('gpsgolf', 'ballsswing', 'bagsgolf')",1,1,1
60,"('gpsgolf', 'ballsswing', 'analyzerpush')",1,1,0
122,"('clubsbeginner', 'golf', 'high')",1,0,1
14,"('under', 'golf', 'watchgolf')",1,0,4
24,"('golf', 'gpsgps', 'watchgolf')",1,1,0
23,"('golf', 'clubsironsirons')",1,0,1
22,"('under', 'watchgolf', 'gpsgolf')",1,1,1
21,"('clubsbeginner', 'golf')",1,1,0
20,"('under', 'gpsgps', 'gpsgolf')",1,0,1
19,"('bagsgolf', 'clubsbeginner')",1,1,1
18,"('under', 'gpsgps', 'watchgolf')",1,1,0
17,"('cartgolf', 'bagsgolf')",1,0,3
16,"('under', 'golf', 'gpsgolf')",1,1,1
15,"('analyzerpush', 'cartgolf')",1,1,0
13,"('ballsswing', 'analyzerpush')",1,1,1
26,"('golf', 'gpsgps', 'gpsgolf')",1,0,1
12,"('under', 'golf', 'gpsgps')",1,2,0
11,"('gpsgolf', 'ballsswing')",1,0,1
10,"('rangefinder', 'gpsgps', 'watchgolf')",1,1,1
9,"('watchgolf', 'gpsgolf')",1,1,0
7,"('gpsgps', 'watchgolf')",1,1,1
6,"('rangefinder', 'golf', 'gpsgps')",1,1,0
5,"('golf', 'gpsgps')",1,0,1
4,"('rangefinder', 'under', 'watchgolf')",1,1,1
3,"('under', 'golf')",1,1,0
2,"('rangefinder', 'under', 'gpsgps')",1,0,1
25,"('clubsironsirons', 'high')",1,1,1
28,"('golf', 'gpsgps', 'ballsswing')",1,1,1
59,"('jolt', 'best')",1,0,1
43,"('golf', 'golf')",1,1,1
58,"('watchgolf', 'analyzerpush', 'cartgolf')",1,2,1
56,"('watchgolf', 'ballsswing', 'cartgolf')",1,0,1
54,"('watchgolf', 'ballsswing', 'analyzerpush')",1,1,0
52,"('watchgolf', 'gpsgolf', 'cartgolf')",1,1,1
51,"('slope', 'rating')",1,1,0
50,"('watchgolf', 'gpsgolf', 'analyzerpush')",1,0,1
48,"('watchgolf', 'gpsgolf', 'ballsswing')",1,1,0
46,"('gpsgps', 'ballsswing', 'analyzerpush')",1,1,1
45,"('golf', 'best')",1,1,0
44,"('gpsgps', 'gpsgolf', 'analyzerpush')",1,0,1
42,"('gpsgps', 'gpsgolf', 'ballsswing')",1,1,0
29,"('handicappers', 'beginnersfairway')",1,0,1
40,"('gpsgps', 'watchgolf', 'analyzerpush')",1,2,1
38,"('gpsgps', 'watchgolf', 'ballsswing')",1,0,1
37,"('clubsgolf', 'choose')",1,1,1
36,"('gpsgps', 'watchgolf', 'gpsgolf')",1,1,0
35,"('beginnershybrid', 'clubsgolf')",1,0,1
34,"('golf', 'gpsgolf', 'ballsswing')",1,1,1
33,"('handicappers', 'beginnershybrid')",1,1,0
32,"('golf', 'watchgolf', 'ballsswing')",1,0,1
31,"('beginnersfairway', 'high')",1,1,1
30,"('golf', 'watchgolf', 'gpsgolf')",1,1,0
121,"('superb', 'extraordinary')",1,2,1
123,"('extraordinary', 'features')",1,1,0
275,"('rangefinder', 'reviewsrangefinders')",1,0,1
207,"('yards', 'magnification')",1,1,0
219,"('weatherproofusga', 'approvededitor')",1,1,0
218,"('beginnershybrid', 'clubsgolf', 'best')",1,0,1
217,"('technology', 'weatherproofusga')",1,2,1
216,"('beginnershybrid', 'clubsgolf', 'choose')",1,1,0
215,"('priority', 'technology')",1,0,1
214,"('handicappers', 'choose', 'best')",1,8,1
212,"('handicappers', 'clubsgolf', 'best')",1,0,1
210,"('handicappers', 'clubsgolf', 'choose')",1,1,0
209,"('magnification', 'first')",1,0,1
208,"('handicappers', 'beginnershybrid', 'best')",1,1,1
206,"('handicappers', 'beginnershybrid', 'choose')",1,0,1
221,"('picsbushnell', 'xmax')",1,0,1
205,"('coolshot', 'range')",1,2,1
204,"('handicappers', 'beginnershybrid', 'clubsgolf')",1,1,0
203,"('picsnikon', 'coolshot')",1,0,1
202,"('high', 'clubsgolf', 'choose')",1,1,1
201,"('reviews', 'picsnikon')",1,1,0
200,"('high', 'beginnershybrid', 'choose')",1,0,1
199,"('bodyusga', 'approvededitor')",1,2,1
198,"('high', 'beginnershybrid', 'clubsgolf')",1,1,0
197,"('resistant', 'bodyusga')",1,0,1
196,"('high', 'handicappers', 'choose')",1,1,1
220,"('beginnershybrid', 'clubsgolf', 'golf')",1,1,1
222,"('beginnershybrid', 'choose', 'best')",1,1,0
192,"('high', 'handicappers', 'beginnershybrid')",1,1,0
248,"('best', 'best', 'golf')",1,0,1
272,"('best', 'rangefinder', 'slope')",1,0,1
271,"('best', 'choose')",1,1,1
268,"('best', 'golf', 'slope')",1,2,1
267,"('help', 'which')",1,1,0
262,"('golf', 'golf', 'slope')",1,5,1
260,"('golf', 'best', 'slope')",1,0,1
259,"('brands', 'what')",1,2,1
257,"('famous', 'brands')",1,0,1
253,"('rangefinder', 'some')",1,2,1
252,"('golf', 'golf', 'golf')",1,1,0
247,"('reviews', 'should')",1,7,1
223,"('xmax', 'range')",1,1,1
243,"('picscontents', 'golf')",1,1,0
241,"('reviews', 'picscontents')",1,1,1
239,"('display', 'technologyusga')",1,0,1
238,"('choose', 'best', 'best')",1,1,1
235,"('technology', 'dual')",1,2,1
234,"('clubsgolf', 'golf', 'golf')",1,1,0
231,"('technology', 'pinseeker')",1,1,0
228,"('clubsgolf', 'choose', 'best')",1,1,0
226,"('beginnershybrid', 'best', 'golf')",1,5,1
224,"('beginnershybrid', 'choose', 'golf')",1,0,1
194,"('high', 'handicappers', 'clubsgolf')",1,0,1
191,"('advanced', 'pinsensor')",1,0,1
124,"('clubsbeginner', 'golf', 'handicappers')",1,1,1
139,"('magnification', 'adaptive')",1,1,1
154,"('clubsironsirons', 'beginnersfairway', 'high')",1,1,1
152,"('clubsironsirons', 'handicappers', 'high')",1,0,1
150,"('clubsironsirons', 'handicappers', 'beginnersfairway')",1,1,0
149,"('resistantusga', 'approvededitor')",1,0,1
148,"('clubsironsirons', 'high', 'high')",1,2,1
147,"('water', 'resistantusga')",1,1,0
146,"('clubsironsirons', 'high', 'beginnersfairway')",1,0,1
144,"('clubsironsirons', 'high', 'handicappers')",1,1,0
142,"('golf', 'handicappers', 'beginnersfairway')",1,1,1
140,"('golf', 'high', 'beginnersfairway')",1,0,1
138,"('golf', 'high', 'handicappers')",1,1,0
158,"('high', 'handicappers', 'high')",1,0,1
136,"('golf', 'clubsironsirons', 'beginnersfairway')",1,1,1
135,"('range', 'yardx')",1,1,0
134,"('golf', 'clubsironsirons', 'handicappers')",1,0,1
132,"('golf', 'clubsironsirons', 'high')",1,1,0
131,"('golf', 'yard')",1,0,1
130,"('clubsbeginner', 'high', 'handicappers')",1,2,1
128,"('clubsbeginner', 'clubsironsirons', 'handicappers')",1,0,1
127,"('choose', 'precision')",1,1,1
126,"('clubsbeginner', 'clubsironsirons', 'high')",1,1,0
125,"('features', 'choose')",1,0,1
156,"('high', 'handicappers', 'beginnersfairway')",1,1,0
159,"('picsbushnell', 'tour')",1,1,0
190,"('beginnersfairway', 'beginnershybrid', 'clubsgolf')",1,1,1
178,"('handicappers', 'handicappers', 'beginnershybrid')",1,1,1
189,"('magnification', 'advanced')",1,1,0
188,"('beginnersfairway', 'handicappers', 'clubsgolf')",1,0,1
187,"('yards', 'yardx')",1,1,1
186,"('beginnersfairway', 'handicappers', 'beginnershybrid')",1,1,0
185,"('rangefindermax', 'range')",1,0,2
184,"('beginnersfairway', 'high', 'clubsgolf')",1,1,1
183,"('picsvpro', 'rangefindermax')",1,1,0
182,"('beginnersfairway', 'high', 'beginnershybrid')",1,0,1
181,"('reviews', 'picsvpro')",1,1,1
180,"('beginnersfairway', 'high', 'handicappers')",1,1,0
177,"('jolt', 'technologyusga')",1,1,0
160,"('high', 'handicappers', 'handicappers')",1,1,1
176,"('handicappers', 'high', 'beginnershybrid')",1,0,1
174,"('handicappers', 'high', 'handicappers')",1,1,0
172,"('handicappers', 'beginnersfairway', 'beginnershybrid')",1,6,1
170,"('handicappers', 'beginnersfairway', 'handicappers')",1,0,1
168,"('handicappers', 'beginnersfairway', 'high')",1,1,0
166,"('high', 'high', 'handicappers')",1,1,1
164,"('high', 'beginnersfairway', 'handicappers')",1,0,1
163,"('joltmax', 'range')",1,1,1
162,"('high', 'beginnersfairway', 'high')",1,1,0
161,"('tour', 'joltmax')",1,0,1
539,"('look', 'display')",1,0,2
541,"('display', 'rangefinder')",1,1,1
996,"('price', 'picsbushnell', 'joltmax')",1,1,0
542,"('money', 'this', 'list')",1,0,12
839,"('system', 'times')",1,0,2
838,"('precision', 'yard', 'range')",1,1,1
837,"('optical', 'system')",1,1,0
836,"('precision', 'golf', 'yardx')",1,0,1
835,"('state', 'optical')",1,1,1
834,"('precision', 'golf', 'range')",1,1,0
833,"('optics', 'state')",1,0,2
832,"('precision', 'golf', 'yard')",1,1,1
831,"('tech', 'optics')",1,1,0
830,"('choose', 'yard', 'range')",1,0,2
829,"('high', 'tech')",1,1,1
828,"('choose', 'golf', 'range')",1,1,0
827,"('best', 'high')",1,0,3
826,"('choose', 'golf', 'yard')",1,1,1
825,"('fortune', 'amazon')",1,1,0
824,"('choose', 'precision', 'range')",1,0,3
823,"('spend', 'fortune')",1,1,1
822,"('choose', 'precision', 'yard')",1,1,0
821,"('without', 'spend')",1,0,3
820,"('choose', 'precision', 'golf')",1,1,1
819,"('value', 'without')",1,1,0
818,"('features', 'golf', 'yard')",1,0,3
817,"('thing', 'value')",1,1,1
840,"('precision', 'yard', 'yardx')",1,2,0
842,"('precision', 'range', 'yardx')",1,0,2
843,"('magnification', 'brings')",1,1,0
856,"('yard', 'range', 'yardx')",1,1,1
866,"('yard', 'magnification', 'adaptive')",1,0,1
865,"('take', 'notch')",1,1,1
864,"('yard', 'yardx', 'adaptive')",1,2,0
863,"('things', 'take')",1,0,1
862,"('yard', 'yardx', 'magnification')",1,1,1
861,"('device', 'things')",1,1,0
860,"('yard', 'range', 'adaptive')",1,0,2
859,"('sound', 'device')",1,1,1
858,"('yard', 'range', 'magnification')",1,1,0
857,"('accuracy', 'sound')",1,0,2
855,"('yard', 'accuracy')",1,1,0
844,"('golf', 'yard', 'range')",1,1,1
854,"('golf', 'yardx', 'magnification')",1,0,2
853,"('minus', 'yard')",1,1,1
852,"('golf', 'range', 'magnification')",1,2,0
851,"('plus', 'minus')",1,0,2
850,"('golf', 'range', 'yardx')",1,1,1
849,"('close', 'plus')",1,1,0
848,"('golf', 'yard', 'magnification')",1,0,2
847,"('everything', 'close')",1,1,1
846,"('golf', 'yard', 'yardx')",1,1,0
845,"('brings', 'everything')",1,0,2
816,"('features', 'precision', 'yard')",1,1,0
814,"('features', 'precision', 'golf')",1,2,1
813,"('machine', 'best')",1,1,0
774,"('finders', 'superb', 'features')",1,1,0
784,"('superb', 'extraordinary', 'features')",1,1,1
783,"('provide', 'accurate')",1,1,0
782,"('finders', 'features', 'choose')",1,0,2
781,"('targets', 'provide')",1,1,1
780,"('finders', 'extraordinary', 'choose')",1,1,0
779,"('pinpointing', 'targets')",1,0,4
778,"('finders', 'extraordinary', 'features')",1,5,1
777,"('efficient', 'pinpointing')",1,1,0
776,"('finders', 'superb', 'choose')",1,0,4
775,"('need', 'efficient')",1,1,1
773,"('vpro', 'need')",1,0,2
787,"('yards', 'although')",1,1,1
772,"('finders', 'superb', 'extraordinary')",1,1,1
771,"('versatility', 'vpro')",1,1,0
770,"('range', 'extraordinary', 'features')",1,0,2
769,"('efficiency', 'versatility')",1,1,1
768,"('range', 'superb', 'features')",1,1,0
767,"('accuracy', 'efficiency')",1,0,1
766,"('range', 'superb', 'extraordinary')",1,1,1
765,"('offer', 'accuracy')",1,2,0
763,"('still', 'offer')",1,1,1
762,"('range', 'finders', 'extraordinary')",1,1,0
786,"('superb', 'extraordinary', 'choose')",1,1,0
788,"('superb', 'extraordinary', 'precision')",1,0,1
812,"('features', 'choose', 'yard')",1,0,1
801,"('soft', 'sleek')",1,1,0
811,"('attractive', 'machine')",1,1,1
810,"('features', 'choose', 'golf')",1,1,0
809,"('make', 'attractive')",1,0,1
808,"('features', 'choose', 'precision')",1,1,1
807,"('coating', 'make')",1,1,0
806,"('extraordinary', 'precision', 'golf')",1,0,1
805,"('superficial', 'coating')",1,1,1
804,"('extraordinary', 'choose', 'golf')",1,1,0
803,"('sleek', 'superficial')",1,0,1
802,"('extraordinary', 'choose', 'precision')",1,1,1
800,"('extraordinary', 'features', 'golf')",1,0,1
789,"('although', 'uses')",1,1,0
799,"('also', 'soft')",1,1,1
798,"('extraordinary', 'features', 'precision')",1,1,0
797,"('materials', 'also')",1,0,2
796,"('extraordinary', 'features', 'choose')",1,2,1
795,"('solid', 'materials')",1,1,0
794,"('superb', 'choose', 'precision')",1,0,4
793,"('modern', 'solid')",1,1,1
792,"('superb', 'features', 'precision')",1,1,0
791,"('uses', 'modern')",1,0,1
790,"('superb', 'features', 'choose')",1,1,1
867,"('notch', 'higher')",1,1,0
869,"('higher', 'multi')",1,0,4
870,"('range', 'yardx', 'adaptive')",1,1,0
943,"('unlike', 'rangefinders')",1,1,1
954,"('resistantusga', 'approvededitor', 'price')",1,1,0
953,"('large', 'objects')",1,0,1
952,"('resistantusga', 'approvededitor', 'rating')",1,1,1
951,"('coming', 'large')",1,1,0
950,"('water', 'rating', 'price')",1,0,2
949,"('signals', 'coming')",1,1,1
948,"('water', 'approvededitor', 'price')",1,1,0
947,"('slough', 'signals')",1,0,2
945,"('rangefinders', 'slough')",1,1,0
944,"('water', 'resistantusga', 'price')",1,0,2
942,"('water', 'resistantusga', 'rating')",1,1,0
956,"('resistantusga', 'approvededitor', 'reviews')",1,0,2
941,"('tech', 'unlike')",1,0,1
940,"('water', 'resistantusga', 'approvededitor')",1,1,1
939,"('acquisition', 'tech')",1,1,0
937,"('auto', 'target')",1,3,1
936,"('technology', 'resistantusga', 'rating')",1,1,0
935,"('priority', 'auto')",1,0,2
934,"('technology', 'resistantusga', 'approvededitor')",1,1,1
932,"('technology', 'water', 'rating')",1,0,2
931,"('proscan', 'distance')",1,1,1
929,"('ones', 'proscan')",1,0,2
955,"('objects', 'course')",1,1,1
957,"('course', 'focus')",1,1,0
927,"('background', 'ones')",1,1,0
980,"('rating', 'price', 'tour')",1,0,4
994,"('price', 'picsbushnell', 'tour')",1,1,1
993,"('design', 'also')",1,1,0
992,"('price', 'reviews', 'joltmax')",1,0,4
990,"('price', 'reviews', 'tour')",1,1,0
989,"('class', 'compact')",1,0,5
987,"('within', 'class')",1,1,0
986,"('rating', 'picsbushnell', 'tour')",1,0,4
985,"('least', 'within')",1,1,1
984,"('rating', 'reviews', 'tour')",1,1,0
983,"('market', 'least')",1,0,4
979,"('makes', 'lightest')",1,1,1
958,"('resistantusga', 'rating', 'price')",1,1,1
977,"('ounces', 'makes')",1,0,24
975,"('seven', 'ounces')",1,1,0
973,"('weighs', 'seven')",1,1,1
971,"('device', 'weighs')",1,0,3
967,"('lightweight', 'this')",1,1,1
963,"('wish', 'compact')",1,1,0
962,"('resistantusga', 'price', 'reviews')",1,0,24
961,"('target', 'wish')",1,1,1
960,"('resistantusga', 'rating', 'reviews')",1,1,0
959,"('focus', 'target')",1,0,2
928,"('technology', 'water', 'resistantusga')",1,1,1
926,"('slope', 'resistantusga', 'approvededitor')",1,0,2
871,"('multi', 'coated')",1,1,1
883,"('operation', 'trio')",1,1,1
894,"('magnification', 'adaptive', 'technology')",1,4,0
893,"('used', 'locate')",1,0,2
892,"('magnification', 'adaptive', 'slope')",1,2,1
891,"('modes', 'used')",1,2,0
890,"('yardx', 'slope', 'technology')",1,0,2
889,"('three', 'modes')",1,1,1
888,"('yardx', 'adaptive', 'technology')",1,1,0
887,"('modes', 'three')",1,0,2
886,"('yardx', 'adaptive', 'slope')",1,2,1
885,"('trio', 'modes')",1,1,0
882,"('yardx', 'magnification', 'slope')",1,1,0
896,"('magnification', 'adaptive', 'water')",1,0,2
881,"('mode', 'operation')",1,0,1
880,"('yardx', 'magnification', 'adaptive')",1,1,1
879,"('intuitive', 'mode')",1,1,0
878,"('range', 'adaptive', 'slope')",1,0,2
877,"('finger', 'intuitive')",1,1,1
876,"('range', 'magnification', 'slope')",1,1,0
875,"('optics', 'finger')",1,0,2
874,"('range', 'magnification', 'adaptive')",1,1,1
873,"('coated', 'optics')",1,1,0
872,"('range', 'yardx', 'slope')",1,0,1
895,"('locate', 'things')",1,1,1
897,"('things', 'make')",1,1,0
925,"('distractions', 'background')",1,1,1
913,"('forms', 'include')",1,1,1
924,"('slope', 'water', 'approvededitor')",1,1,0
923,"('despite', 'distractions')",1,0,2
922,"('slope', 'water', 'resistantusga')",1,1,1
921,"('flagstick', 'despite')",1,1,0
920,"('slope', 'technology', 'approvededitor')",1,0,2
919,"('focus', 'flagstick')",1,1,1
918,"('slope', 'technology', 'resistantusga')",1,1,0
917,"('priority', 'focus')",1,0,2
1,"('rangefinder', 'under')",1,1,1
914,"('adaptive', 'water', 'resistantusga')",1,0,2
912,"('adaptive', 'technology', 'resistantusga')",1,1,0
899,"('make', 'vpro')",1,0,2
911,"('these', 'forms')",1,0,2
910,"('adaptive', 'technology', 'water')",1,1,1
909,"('buying', 'these')",1,1,0
908,"('adaptive', 'slope', 'resistantusga')",1,0,2
907,"('worth', 'buying')",1,1,1
906,"('adaptive', 'slope', 'water')",1,1,0
905,"('hence', 'worth')",1,0,2
903,"('unique', 'hence')",1,1,0
901,"('vpro', 'unique')",1,1,1
900,"('magnification', 'slope', 'water')",1,1,0
761,"('cash', 'still')",1,0,5
760,"('range', 'finders', 'superb')",1,1,1
759,"('save', 'cash')",1,1,0
614,"('rangefinder', 'ideal', 'professional')",1,0,3
624,"('they', 'ideal', 'player')",1,2,0
623,"('maintains', 'accuracy')",1,0,3
622,"('they', 'ideal', 'professional')",1,1,1
621,"('rangefinder', 'maintains')",1,1,0
620,"('they', 'features', 'player')",1,0,3
619,"('better', 'rangefinder')",1,1,1
618,"('they', 'features', 'professional')",1,1,0
617,"('even', 'better')",1,0,3
616,"('they', 'features', 'ideal')",1,1,1
615,"('make', 'even')",1,1,0
613,"('courses', 'make')",1,1,1
627,"('yard', 'throughout')",1,1,0
612,"('rangefinder', 'features', 'professional')",1,1,0
611,"('golf', 'courses')",1,0,3
610,"('rangefinder', 'features', 'ideal')",1,2,1
609,"('enough', 'golf')",1,1,0
608,"('rangefinder', 'they', 'professional')",1,0,3
607,"('still', 'enough')",1,4,1
606,"('rangefinder', 'they', 'ideal')",1,1,0
605,"('offer', 'still')",1,0,3
604,"('rangefinder', 'they', 'features')",1,1,1
603,"('rangefinders', 'offer')",1,1,0
626,"('they', 'professional', 'player')",1,0,3
628,"('features', 'ideal', 'professional')",1,2,1
601,"('high', 'rangefinders')",1,2,1
641,"('things', 'clearer')",1,0,3
651,"('besides', 'coming')",1,1,0
650,"('ideal', 'beginner', 'choose')",1,0,2
649,"('replacement', 'besides')",1,1,1
648,"('ideal', 'player', 'choose')",1,1,0
647,"('closer', 'free')",1,0,2
646,"('ideal', 'player', 'beginner')",1,2,1
645,"('much', 'closer')",1,1,0
644,"('ideal', 'professional', 'choose')",1,0,2
643,"('clearer', 'much')",1,2,1
642,"('ideal', 'professional', 'beginner')",1,1,0
640,"('ideal', 'professional', 'player')",1,1,1
629,"('throughout', 'magnification')",1,0,1
639,"('flag', 'things')",1,3,0
638,"('features', 'player', 'beginner')",1,0,6
637,"('designed', 'flag')",1,3,1
636,"('features', 'professional', 'beginner')",1,1,0
635,"('magnification', 'rangefinder')",1,0,2
634,"('features', 'professional', 'player')",1,3,1
633,"('with', 'magnification')",1,1,0
632,"('features', 'ideal', 'beginner')",1,0,5
631,"('magnification', 'with')",1,1,1
630,"('features', 'ideal', 'player')",1,1,0
602,"('golf', 'features', 'ideal')",1,0,9
600,"('golf', 'they', 'ideal')",1,1,0
653,"('coming', 'free')",1,0,2
555,"('locked', 'target')",1,3,0
566,"('this', 'best', 'rangefinder')",1,0,5
565,"('scan', 'objects')",1,1,1
564,"('this', 'best', 'golf')",1,3,0
563,"('designed', 'scan')",1,0,2
562,"('this', 'list', 'rangefinder')",1,1,1
561,"('feature', 'designed')",1,1,0
559,"('impressive', 'feature')",1,1,1
558,"('this', 'list', 'best')",1,1,0
557,"('technology', 'impressive')",1,0,2
556,"('rating', 'list', 'golf')",1,1,1
554,"('rating', 'list', 'best')",1,0,1
569,"('field', 'view')",1,0,6
553,"('alert', 'locked')",1,4,1
552,"('rating', 'this', 'golf')",1,1,0
551,"('vibration', 'alert')",1,0,2
550,"('rating', 'this', 'best')",1,1,1
549,"('short', 'vibration')",1,1,0
548,"('rating', 'this', 'list')",1,0,2
547,"('deliver', 'short')",1,1,1
546,"('money', 'list', 'best')",1,1,0
545,"('designed', 'deliver')",1,0,15
544,"('money', 'this', 'best')",1,2,1
567,"('objects', 'field')",1,1,0
570,"('list', 'best', 'golf')",1,1,0
599,"('compared', 'high')",1,0,3
584,"('best', 'golf', 'features')",1,0,4
598,"('golf', 'they', 'features')",1,1,1
597,"('enough', 'compared')",1,1,0
593,"('seem', 'long')",1,0,4
592,"('golf', 'rangefinder', 'they')",1,1,1
590,"('best', 'they', 'features')",1,0,4
589,"('range', 'might')",1,1,1
588,"('best', 'rangefinder', 'features')",1,1,0
587,"('although', 'yard')",1,0,2
586,"('best', 'rangefinder', 'they')",1,1,1
585,"('range', 'although')",1,1,0
583,"('accuracy', 'range')",1,1,1
571,"('view', 'focus')",1,1,1
582,"('best', 'golf', 'they')",1,1,0
581,"('maximum', 'accuracy')",1,0,4
580,"('list', 'rangefinder', 'they')",1,1,1
579,"('ensure', 'maximum')",1,1,0
578,"('list', 'golf', 'they')",1,0,4
577,"('target', 'ensure')",1,1,1
575,"('desired', 'target')",1,0,4
574,"('list', 'best', 'they')",1,1,1
573,"('focus', 'desired')",1,1,0
572,"('list', 'best', 'rangefinder')",1,0,4
652,"('professional', 'player', 'beginner')",1,1,1
654,"('professional', 'player', 'choose')",1,1,0
758,"('golf', 'superb', 'extraordinary')",1,0,5
719,"('case', 'feels')",1,0,3
729,"('rangefinder', 'moneyshopping')",1,2,0
728,"('budget', 'these', 'finders')",1,0,5
727,"('madetectectec', 'vpro')",1,1,1
726,"('budget', 'these', 'range')",1,2,0
725,"('cheaply', 'madetectectec')",1,0,8
724,"('budget', 'these', 'golf')",1,1,1
723,"('little', 'cheaply')",1,1,0
722,"('requirements', 'golf', 'range')",1,0,8
721,"('feels', 'little')",1,2,1
720,"('requirements', 'these', 'range')",1,1,0
718,"('requirements', 'these', 'golf')",1,7,1
731,"('moneyshopping', 'rangefinder')",1,0,3
717,"('rangeplastic', 'case')",1,1,0
716,"('requirements', 'budget', 'range')",1,0,2
715,"('short', 'rangeplastic')",1,1,1
714,"('requirements', 'budget', 'golf')",1,1,0
713,"('battery', 'short')",1,0,2
712,"('requirements', 'budget', 'these')",1,1,1
711,"('opticsfree', 'battery')",1,1,0
710,"('according', 'these', 'golf')",1,0,2
709,"('clear', 'opticsfree')",1,1,1
708,"('according', 'budget', 'golf')",1,1,0
730,"('budget', 'golf', 'range')",1,5,1
732,"('budget', 'golf', 'finders')",1,2,0
706,"('according', 'budget', 'these')",1,1,1
747,"('choose', 'claims')",1,3,0
757,"('something', 'save')",1,1,1
756,"('golf', 'finders', 'extraordinary')",1,1,0
755,"('want', 'something')",1,0,5
754,"('golf', 'finders', 'superb')",1,1,1
753,"('however', 'want')",1,11,0
752,"('golf', 'range', 'extraordinary')",1,0,6
751,"('best', 'however')",1,1,1
750,"('golf', 'range', 'superb')",1,1,0
749,"('claims', 'best')",1,0,5
748,"('golf', 'range', 'finders')",1,1,1
746,"('these', 'finders', 'superb')",1,0,6
733,"('rangefinder', 'easiest')",1,5,1
744,"('these', 'range', 'superb')",1,4,0
743,"('many', 'options')",1,0,5
741,"('since', 'many')",1,2,0
740,"('these', 'golf', 'superb')",1,0,5
739,"('golfer', 'since')",1,2,1
738,"('these', 'golf', 'finders')",1,2,0
737,"('thing', 'golfer')",1,0,5
736,"('these', 'golf', 'range')",1,3,1
735,"('easiest', 'thing')",1,2,0
734,"('budget', 'range', 'finders')",1,0,3
707,"('easilycrisp', 'clear')",1,0,2
705,"('flag', 'easilycrisp')",1,1,0
655,"('battery', 'manufacturer')",1,2,1
667,"('rangefinder', 'never')",1,1,1
677,"('tournament', 'legalhighly')",1,0,3
676,"('beginner', 'choose', 'according')",1,2,1
675,"('makes', 'tournament')",1,1,0
674,"('player', 'according', 'requirements')",1,0,3
673,"('technology', 'makes')",1,5,1
672,"('player', 'choose', 'requirements')",1,1,0
671,"('prosadaptive', 'slope')",1,0,3
670,"('player', 'choose', 'according')",1,1,1
669,"('never', 'prosadaptive')",1,1,0
668,"('player', 'beginner', 'requirements')",1,0,3
666,"('player', 'beginner', 'according')",1,1,0
679,"('legalhighly', 'accurate')",1,1,1
665,"('lifetime', 'rangefinder')",1,0,3
664,"('player', 'beginner', 'choose')",1,1,1
663,"('replacement', 'lifetime')",1,1,0
662,"('professional', 'choose', 'according')",1,0,1
661,"('provides', 'free')",1,1,1
660,"('professional', 'beginner', 'according')",1,1,0
659,"('also', 'provides')",1,0,1
658,"('professional', 'beginner', 'choose')",1,1,1
657,"('manufacturer', 'also')",1,1,0
656,"('professional', 'player', 'according')",1,0,2
678,"('beginner', 'choose', 'requirements')",1,1,0
680,"('beginner', 'choose', 'budget')",1,0,3
704,"('according', 'requirements', 'golf')",1,0,2
693,"('acquisitionwater', 'resistant')",1,1,0
703,"('conditionspicks', 'flag')",1,1,1
702,"('according', 'requirements', 'these')",1,1,0
701,"('ideal', 'conditionspicks')",1,0,3
700,"('according', 'requirements', 'budget')",1,1,1
699,"('makes', 'ideal')",1,1,0
698,"('choose', 'budget', 'these')",1,0,4
697,"('design', 'makes')",1,1,1
696,"('choose', 'requirements', 'these')",1,1,0
695,"('resistant', 'design')",1,0,10
694,"('choose', 'requirements', 'budget')",1,1,1
692,"('choose', 'according', 'these')",1,0,4
681,"('accurate', 'measurementscompact')",1,1,0
691,"('target', 'acquisitionwater')",1,1,1
690,"('choose', 'according', 'budget')",1,1,0
689,"('accurate', 'target')",1,0,9
688,"('choose', 'according', 'requirements')",1,3,1
687,"('designeasy', 'accurate')",1,1,0
686,"('beginner', 'requirements', 'budget')",1,0,3
685,"('lightweight', 'designeasy')",1,4,1
684,"('beginner', 'according', 'budget')",1,1,0
683,"('measurementscompact', 'lightweight')",1,0,3
682,"('beginner', 'according', 'requirements')",1,1,1
916,"('slope', 'technology', 'water')",1,1,1
